crimedate,weekday,weekno,month,year,DECEPTIVE_PRACTICE,CRIMINAL_DAMAGE,BATTERY,INTERFERENCE_WITH_PUBLIC_OFFICER,OFFENSE_INVOLVING_CHILDREN,SEX_OFFENSE,OTHER_OFFENSE,THEFT,CRIMINAL_TRESPASS,ROBBERY,MOTOR_VEHICLE_THEFT,PUBLIC_PEACE_VIOLATION,WEAPONS_VIOLATION,BURGLARY,INTIMIDATION,LIQUOR_LAW_VIOLATION,ASSAULT,HOMICIDE,PROSTITUTION,GAMBLING,STALKING,KIDNAPPING,ARSON,OBSCENITY,CONCEALED_CARRY_LICENSE_VIOLATION,PUBLIC_INDECENCY,HUMAN_TRAFFICKING,RITUALISM,DOMESTIC_VIOLENCE,NARCOTICS,CRIMINAL_SEXUAL_ASSAULT,NON_CRIMINAL,TOTAL_CRIMES
2019-01-10,5,2,1,2019,52,80,113,4,11,2,52,158,16,18,15,5,21,38,1,1,42,0,0,0,0,0,1,0,2,0,0,0,0,46,8,0,686
2019-03-20,4,12,3,2019,65,70,102,3,9,4,58,160,21,17,22,3,16,30,0,0,54,0,5,0,0,0,1,1,0,0,0,0,0,46,3,0,690
2019-03-16,7,11,3,2019,53,73,198,3,7,9,44,155,17,20,24,7,18,20,1,1,61,1,0,0,1,1,2,1,0,0,0,0,0,45,4,0,766
2019-04-06,7,14,4,2019,50,71,166,5,6,3,53,141,28,29,26,6,24,26,0,1,54,1,1,0,0,0,1,0,3,0,0,0,0,41,6,0,742
2020-12-14,2,51,12,2020,115,43,85,2,4,2,26,86,11,7,37,0,26,22,1,0,52,0,0,0,0,1,5,0,0,0,0,0,0,17,2,0,544
2019-08-09,6,32,8,2019,61,75,150,5,10,4,39,212,30,24,30,2,19,32,1,0,54,0,0,3,1,0,0,0,0,0,0,0,0,39,4,0,795
2019-05-28,3,22,5,2019,54,78,133,3,3,6,54,186,30,23,23,3,15,25,0,0,63,3,0,0,2,0,3,0,1,0,0,0,0,32,7,0,747
2019-08-11,1,32,8,2019,35,100,181,14,4,3,41,186,16,30,30,5,26,24,1,3,56,1,0,0,0,0,2,0,2,0,0,0,0,35,7,0,802
2020-08-20,5,34,8,2020,48,71,123,1,7,7,34,131,7,29,36,4,27,22,0,0,67,2,0,1,1,0,4,0,0,0,0,0,0,14,4,0,640
2019-11-20,4,47,11,2019,69,57,138,5,2,4,38,186,13,19,30,5,16,30,1,2,61,2,3,0,2,0,2,1,0,0,0,0,0,37,6,0,729
2019-07-03,4,27,7,2019,56,88,128,8,4,2,67,192,14,22,34,8,17,26,1,2,72,1,0,0,2,1,1,1,1,0,0,0,0,51,6,0,805
2019-07-02,3,27,7,2019,64,79,139,8,5,5,56,170,20,24,25,3,19,28,1,2,69,3,0,0,1,0,1,1,0,0,0,0,0,44,2,0,769
2019-11-27,4,48,11,2019,48,59,95,1,4,0,36,172,21,20,25,1,17,34,1,1,59,0,0,0,2,0,2,0,1,0,0,0,0,34,4,0,637
2020-04-26,1,17,4,2020,26,63,108,1,1,2,28,68,4,9,23,0,28,9,0,0,40,1,0,0,0,0,1,1,0,0,0,0,0,6,3,0,422
2019-09-16,2,38,9,2019,55,81,141,10,10,2,53,202,19,25,30,4,20,34,2,0,66,2,0,0,0,1,1,0,0,0,0,0,0,40,9,0,807
2019-09-19,5,38,9,2019,60,101,141,0,5,4,48,179,23,27,19,5,21,33,0,0,66,2,1,3,1,0,0,0,3,1,0,0,0,41,4,0,788
2019-12-10,3,50,12,2019,52,61,101,4,7,5,40,197,21,19,30,5,13,25,0,0,55,1,0,0,0,1,1,1,0,0,0,0,0,34,2,0,675
2020-12-21,2,52,12,2020,155,60,85,1,2,2,27,95,9,26,24,3,25,20,0,0,43,3,0,0,0,0,2,0,1,0,0,0,0,20,4,0,607
2019-07-21,1,29,7,2019,35,69,202,6,3,2,51,175,22,27,23,5,22,23,1,2,66,0,0,0,2,1,2,0,0,0,0,0,0,30,5,0,774
2019-07-27,7,30,7,2019,37,82,185,4,5,5,40,217,16,25,26,7,22,37,0,1,56,5,1,0,0,2,2,0,1,0,0,0,0,43,6,0,825
2019-08-10,7,32,8,2019,42,85,181,10,4,4,35,175,19,29,25,8,37,34,0,0,68,5,0,2,0,0,2,0,1,0,0,0,0,25,7,0,798
2019-01-18,6,3,1,2019,56,53,114,2,4,0,48,164,21,22,30,2,21,33,0,0,54,0,0,0,1,0,3,0,0,0,0,0,0,36,3,0,667
2019-01-28,2,5,1,2019,48,39,109,1,4,2,51,94,10,23,19,4,6,20,0,0,50,2,1,0,0,1,0,0,0,0,0,0,0,36,1,0,521
2020-08-12,4,33,8,2020,33,65,115,2,7,5,30,113,8,29,24,5,35,27,1,0,64,0,0,2,1,0,2,0,1,0,0,0,0,27,5,0,601
2019-02-16,7,7,2,2019,38,68,144,5,3,3,63,172,14,16,24,2,17,19,0,1,41,1,0,0,0,0,0,0,1,0,0,0,0,40,4,0,676
2019-03-27,4,13,3,2019,61,76,133,3,1,6,49,135,17,14,15,6,23,37,1,0,66,1,0,1,2,0,1,0,0,0,0,0,0,43,7,0,698
2019-04-07,1,14,4,2019,33,69,168,4,4,4,46,126,18,20,39,8,31,13,1,0,60,5,0,0,0,0,1,0,1,0,0,0,0,44,8,0,703
2019-04-04,5,14,4,2019,62,72,133,3,9,3,39,153,14,13,25,3,9,17,0,3,51,1,4,0,2,0,1,0,0,0,0,0,0,43,2,0,662
2020-12-13,1,50,12,2020,82,60,108,3,3,2,30,81,6,25,34,0,30,23,1,0,37,3,0,0,0,0,0,0,0,0,0,0,0,19,3,0,550
2019-04-24,4,17,4,2019,47,62,119,4,16,5,67,164,22,16,20,7,21,20,0,0,68,1,0,0,0,0,0,0,0,0,0,0,0,40,3,0,702
2019-05-30,5,22,5,2019,52,86,137,5,11,4,52,185,18,17,20,3,15,29,0,0,54,3,6,1,0,0,1,3,0,0,0,0,0,38,4,0,744
2019-05-01,4,18,5,2019,88,85,129,4,14,8,59,191,15,25,19,7,17,23,0,0,75,0,0,1,0,0,0,0,1,0,0,0,0,35,11,0,807
2019-11-23,7,47,11,2019,45,89,136,5,3,3,33,180,12,21,21,3,20,30,0,0,51,1,0,1,0,0,0,0,0,0,0,0,0,44,4,0,702
2019-06-08,7,23,6,2019,40,84,191,10,8,3,47,223,16,43,34,7,26,25,1,3,66,2,2,0,0,0,2,1,1,0,0,0,0,46,7,0,888
2019-09-01,1,35,9,2019,57,95,171,7,12,8,58,198,23,38,20,5,32,37,0,1,57,3,0,3,2,0,1,0,3,0,1,0,0,44,7,0,883
2020-04-25,7,17,4,2020,27,68,84,1,5,1,23,75,1,9,27,2,8,19,0,0,36,1,0,0,0,0,2,0,0,0,0,0,0,6,2,0,397
2019-09-12,5,37,9,2019,52,85,146,8,2,2,35,214,20,19,21,8,14,32,1,0,76,1,0,0,1,0,0,0,1,0,0,0,0,41,6,0,785
2020-12-11,6,50,12,2020,89,55,77,1,3,3,27,98,8,25,21,1,14,18,0,0,35,1,0,0,1,1,0,0,1,0,0,0,0,15,1,0,495
2019-04-28,1,17,4,2019,25,73,142,4,5,1,36,124,11,21,23,4,17,25,1,0,47,2,0,1,0,0,0,0,1,0,0,0,0,37,5,0,605
2019-01-04,6,1,1,2019,57,82,105,4,3,1,54,182,13,37,27,7,21,38,0,4,51,0,8,0,0,0,0,0,0,0,0,0,0,68,5,0,767
2019-01-17,5,3,1,2019,59,52,107,1,6,5,50,165,24,24,22,2,14,17,0,1,55,0,7,0,0,1,2,0,1,0,0,0,0,37,1,0,653
2019-02-02,7,5,2,2019,47,75,126,5,8,4,58,185,16,13,23,2,13,26,1,0,51,1,6,0,0,1,1,0,0,0,0,0,0,55,5,0,722
2019-03-23,7,12,3,2019,38,74,161,4,8,4,40,162,12,14,21,3,24,15,0,2,50,2,3,1,0,1,2,0,1,0,0,0,0,44,4,0,690
2019-04-11,5,15,4,2019,71,78,123,7,19,3,37,180,23,17,21,5,18,25,2,1,64,1,0,0,0,1,0,0,0,0,0,0,0,45,7,0,748
2019-04-20,7,16,4,2019,36,81,157,4,4,3,48,140,23,34,30,7,24,23,0,0,57,3,3,0,0,1,0,0,2,0,0,0,0,45,5,0,730
2019-04-25,5,17,4,2019,54,83,145,1,7,4,52,172,29,21,21,4,22,32,0,0,72,0,0,1,2,0,1,0,1,0,0,0,0,34,8,0,766
2019-05-17,6,20,5,2019,52,83,154,4,7,5,50,160,28,19,22,4,17,30,0,3,68,1,5,0,1,0,1,0,0,0,0,0,0,58,3,0,775
2020-12-16,4,51,12,2020,105,51,90,2,3,0,29,91,9,12,22,2,15,21,0,0,47,1,0,0,2,0,2,1,0,0,0,0,0,18,0,0,523
2019-06-10,2,24,6,2019,58,91,150,4,4,7,54,199,18,36,27,1,15,33,0,0,62,0,0,1,0,0,1,0,0,0,0,0,0,34,3,0,798
2019-06-27,5,26,6,2019,42,65,134,3,3,4,46,189,14,32,30,3,23,37,1,0,65,1,3,1,0,1,2,0,2,0,0,0,0,46,3,0,750
2019-08-27,3,35,8,2019,57,84,128,9,7,4,31,194,16,17,27,3,15,30,0,1,48,2,2,0,2,0,4,0,0,0,0,0,0,44,6,0,731
2019-11-15,6,46,11,2019,69,72,131,7,8,4,36,194,18,19,37,3,17,35,0,1,47,3,4,0,0,1,1,0,0,0,0,0,0,45,2,0,754
2019-09-02,2,36,9,2019,29,68,166,4,7,4,49,190,29,18,34,7,29,31,0,0,67,1,0,1,2,0,0,0,2,0,0,0,0,33,5,0,776
2020-04-23,5,17,4,2020,48,49,59,1,3,2,22,110,8,19,31,0,14,20,0,0,40,3,0,0,0,0,3,0,0,0,0,0,0,8,1,0,441
2019-09-03,3,36,9,2019,58,68,107,5,2,4,36,175,22,22,21,5,11,26,1,2,54,2,2,0,0,2,1,0,1,0,0,0,0,46,2,0,675
2020-12-15,3,51,12,2020,142,49,64,2,4,1,32,113,10,20,29,0,28,12,0,0,33,0,0,0,1,0,1,0,1,0,0,0,0,20,0,0,562
2019-09-08,1,36,9,2019,45,82,178,5,2,4,38,145,18,34,16,5,19,21,2,2,60,4,0,0,0,0,1,1,1,0,0,0,0,29,8,0,720
2019-12-04,4,49,12,2019,56,70,122,8,6,4,42,194,23,30,31,2,7,29,0,0,58,1,6,0,1,1,1,1,1,0,0,0,0,48,4,0,746
2019-12-11,4,50,12,2019,46,54,98,3,7,7,50,152,18,16,23,1,13,16,0,0,61,0,0,0,1,1,1,0,1,0,0,0,0,30,5,0,604
2020-03-18,4,12,3,2020,24,64,107,5,3,6,36,107,16,21,24,3,15,17,0,0,54,1,0,0,0,0,0,0,0,0,0,0,0,23,1,0,527
2019-10-18,6,42,10,2019,69,63,112,2,6,2,54,173,20,27,28,2,16,24,0,1,59,0,0,0,1,0,0,0,0,0,0,0,0,39,6,0,704
2019-01-14,2,3,1,2019,45,54,111,5,2,4,39,162,27,22,27,0,19,18,2,0,62,0,1,0,0,0,0,0,0,0,0,0,0,30,5,0,635
2019-01-19,7,3,1,2019,42,52,107,5,3,4,30,114,20,21,14,2,17,21,0,1,25,3,1,0,0,0,0,0,2,0,0,0,0,30,5,1,520
2019-03-06,4,10,3,2019,61,61,108,1,7,0,51,148,24,12,21,3,8,17,0,0,50,0,0,0,0,0,0,1,0,0,0,0,0,49,6,0,628
2019-03-21,5,12,3,2019,42,65,140,2,4,2,48,174,21,22,22,5,17,15,0,0,59,0,3,2,2,0,1,1,0,0,0,0,0,39,3,0,689
2019-04-21,1,16,4,2019,20,83,181,2,5,0,32,121,11,10,23,5,29,20,0,1,56,1,0,0,2,1,0,1,1,0,0,0,0,37,3,0,645
2019-08-23,6,34,8,2019,47,88,126,3,3,2,40,220,15,16,25,3,23,36,0,0,56,2,1,1,1,2,2,0,2,0,0,0,0,59,7,0,780
2020-08-16,1,33,8,2020,27,80,183,1,4,0,40,128,14,20,26,6,42,15,0,3,59,2,0,0,1,0,1,0,0,0,0,0,0,15,3,0,670
2019-05-23,5,21,5,2019,41,63,171,8,4,2,47,183,22,12,22,9,19,31,1,0,76,2,8,0,0,1,1,0,0,0,0,0,0,44,6,0,773
2019-06-16,1,24,6,2019,34,80,186,4,4,5,47,147,23,22,24,6,14,18,0,1,69,4,0,0,0,0,2,0,0,0,0,0,0,28,3,0,721
2019-11-17,1,46,11,2019,43,87,154,6,11,3,29,173,20,29,19,2,18,19,0,0,34,1,10,0,0,2,1,1,0,0,0,0,0,36,3,0,701
2019-11-21,5,47,11,2019,53,65,117,3,8,6,37,160,15,24,22,4,19,37,0,1,55,1,1,0,0,0,1,1,0,0,0,0,0,29,3,0,662
2019-08-29,5,35,8,2019,54,73,139,7,4,8,49,204,17,25,29,3,13,38,0,0,52,3,10,1,0,0,0,0,1,0,0,0,0,38,4,0,772
2020-04-18,7,16,4,2020,33,69,103,0,5,0,27,79,6,16,14,2,27,24,0,0,43,0,0,0,0,0,1,0,1,0,0,0,0,3,5,0,458
2019-09-07,7,36,9,2019,39,81,163,5,2,5,37,183,17,22,25,2,16,27,1,0,63,2,0,1,0,0,0,0,1,0,0,0,0,42,1,0,735
2020-05-03,1,18,5,2020,32,72,127,1,5,2,26,78,2,18,21,2,19,15,1,0,45,2,0,0,0,1,0,0,0,0,0,0,0,15,4,0,488
2019-08-03,7,31,8,2019,56,80,185,6,8,3,35,234,15,31,30,5,25,28,0,1,62,3,0,2,0,0,1,0,1,0,0,0,0,51,7,0,869
2020-05-11,2,20,5,2020,40,66,81,0,3,2,29,97,11,15,18,0,20,18,0,0,34,1,0,0,1,0,0,0,1,0,0,0,0,13,2,0,452
2020-12-07,2,50,12,2020,92,64,76,0,1,1,36,106,11,18,22,2,31,19,0,0,46,2,0,0,0,0,0,1,0,0,0,0,0,17,0,0,545
2019-10-08,3,41,10,2019,46,72,129,2,4,0,39,176,21,23,25,6,10,37,0,0,68,0,2,1,0,0,1,1,0,0,0,0,0,44,4,0,711
2020-08-10,2,33,8,2020,42,111,121,0,1,3,33,118,4,43,38,13,26,315,1,0,53,2,0,0,0,1,1,0,0,0,0,0,0,8,6,0,940
2019-01-06,1,1,1,2019,45,77,143,6,7,1,31,157,18,20,15,3,17,28,0,0,47,2,1,0,0,0,1,0,0,0,0,0,0,39,6,0,664
2019-01-08,3,2,1,2019,60,81,124,3,3,3,37,169,19,25,9,2,13,39,2,1,55,0,0,0,1,1,1,0,0,0,1,0,0,46,5,0,700
2019-03-11,2,11,3,2019,57,63,127,2,7,6,52,163,21,20,34,6,15,21,1,0,57,0,0,0,1,1,0,0,0,0,0,0,0,42,4,0,700
2019-05-11,7,19,5,2019,36,81,129,5,4,4,29,172,14,29,34,1,18,28,1,4,47,2,4,1,0,1,0,0,0,0,0,0,0,46,6,0,696
2020-03-28,7,13,3,2020,29,51,133,0,0,1,25,95,12,12,22,2,15,21,0,0,38,1,0,0,0,0,0,0,0,0,0,0,0,9,2,0,468
2020-03-30,2,14,3,2020,30,69,84,2,3,3,35,98,10,17,18,2,13,15,0,0,41,0,0,0,0,0,1,0,0,0,0,0,0,5,1,0,447
2019-05-31,6,22,5,2019,58,86,160,4,13,6,50,186,24,35,24,6,18,26,0,0,78,3,1,2,2,1,0,0,1,0,0,0,0,43,4,0,831
2019-06-12,4,24,6,2019,47,72,140,4,8,0,48,188,17,30,17,4,10,30,0,2,50,2,0,0,1,0,2,1,0,0,0,0,0,39,2,0,714
2019-06-18,3,25,6,2019,48,80,144,5,3,1,40,179,20,21,24,3,11,25,0,0,53,1,7,2,0,0,1,1,0,0,0,0,0,45,2,0,716
2019-03-01,6,9,3,2019,107,63,97,4,14,8,73,151,12,20,27,3,25,23,0,0,47,0,6,0,0,3,1,0,1,0,0,0,0,60,5,0,750
2019-07-01,2,27,7,2019,82,86,176,6,10,8,60,223,13,25,32,4,19,35,1,0,62,0,1,0,1,1,0,0,1,0,0,0,0,38,18,0,902
2019-11-28,5,48,11,2019,35,58,126,2,9,3,26,97,7,19,16,2,11,24,0,0,40,1,7,0,1,0,0,0,0,0,0,0,0,16,5,0,505
2020-05-02,7,18,5,2020,24,64,113,0,1,4,30,82,6,16,27,0,29,20,0,0,58,0,0,0,0,1,1,0,0,1,0,0,0,9,4,0,490
2019-07-17,4,29,7,2019,60,73,122,2,4,7,45,224,32,21,30,4,15,39,0,1,67,0,0,0,1,2,2,0,0,0,0,0,0,48,4,0,803
2019-07-28,1,30,7,2019,23,103,198,6,8,4,39,179,27,28,32,6,31,22,0,0,56,1,2,1,1,0,1,0,1,0,0,0,0,53,9,0,831
2020-12-22,3,52,12,2020,124,52,97,2,5,3,19,117,7,24,26,2,29,15,0,0,39,2,0,0,0,0,1,0,0,0,0,0,0,9,2,0,575
2020-12-23,4,52,12,2020,108,55,91,1,4,3,33,102,13,16,33,2,22,24,0,0,43,0,0,0,1,1,2,0,0,0,0,0,0,21,3,0,578
2020-02-29,7,9,2,2020,39,61,115,4,8,1,38,132,17,21,20,3,18,14,0,1,48,0,0,0,0,0,1,0,0,0,1,0,0,43,2,0,587
2020-08-09,1,32,8,2020,22,84,177,2,4,4,28,97,14,29,31,2,38,39,1,0,60,3,0,0,0,1,0,0,1,0,0,0,0,13,2,0,652
2019-02-06,4,6,2,2019,37,57,121,5,5,3,51,148,21,17,20,2,5,28,0,0,57,2,1,0,1,1,1,0,2,0,0,0,0,49,2,0,636
2019-03-04,2,10,3,2019,49,44,107,4,8,1,58,123,8,7,23,1,9,13,0,0,38,0,1,0,0,0,2,0,1,0,0,0,0,44,3,0,544
2019-01-24,5,4,1,2019,45,54,110,3,9,5,44,137,21,21,21,6,12,20,2,1,44,0,1,0,1,1,1,0,0,0,0,0,0,41,7,0,607
2019-04-02,3,14,4,2019,66,71,115,6,3,4,48,140,14,16,23,10,8,29,0,0,52,1,2,0,0,0,1,0,0,0,0,0,0,48,1,0,658
2019-04-01,2,14,4,2019,107,63,138,5,19,6,70,180,18,12,20,6,10,21,0,1,63,4,0,0,0,0,0,0,0,0,0,0,0,37,8,0,788
2019-11-04,2,45,11,2019,54,62,135,2,10,7,37,180,12,17,12,4,14,26,1,0,44,1,0,0,0,2,0,0,2,0,0,0,0,46,2,0,670
2019-11-05,3,45,11,2019,55,68,108,5,4,1,43,139,24,27,20,2,10,29,0,1,47,1,4,0,0,0,2,0,0,0,0,0,0,43,1,0,634
2019-06-09,1,23,6,2019,34,100,180,9,4,1,43,185,18,30,26,6,33,23,0,2,72,2,1,0,0,0,0,0,0,0,0,0,0,27,9,0,805
2019-07-04,5,27,7,2019,30,99,212,9,5,5,55,141,13,23,22,11,41,27,0,1,58,1,0,0,0,0,1,0,1,0,0,0,0,34,11,0,800
2019-07-14,1,28,7,2019,35,90,209,8,4,6,43,177,16,22,28,0,23,22,0,1,53,3,3,2,2,0,1,0,0,0,0,0,0,37,4,0,789
2019-08-02,6,31,8,2019,57,81,141,6,6,5,55,280,11,29,31,4,26,21,1,1,57,1,8,4,0,0,0,0,0,0,0,0,0,52,4,0,881
2020-05-08,6,19,5,2020,29,60,91,0,6,4,27,89,10,19,22,0,19,20,0,0,34,1,0,0,0,0,0,0,0,0,0,0,0,9,3,0,443
2020-11-20,6,47,11,2020,81,63,121,4,8,1,32,125,7,31,36,3,28,24,0,0,56,2,0,0,1,0,0,0,0,0,0,0,0,13,3,0,639
2019-04-29,2,18,4,2019,52,67,118,2,11,3,50,188,20,22,27,5,10,30,4,0,58,3,0,0,0,1,1,0,2,0,0,0,0,40,2,0,716
2019-05-12,1,19,5,2019,36,80,139,6,5,3,51,138,18,17,16,1,24,15,0,2,46,1,0,0,0,0,0,0,1,0,0,0,0,26,6,0,631
2019-05-21,3,21,5,2019,52,84,133,8,10,5,61,155,15,28,25,4,17,27,1,0,58,1,0,0,0,2,0,1,0,0,0,0,0,38,3,0,728
2019-05-26,1,21,5,2019,40,94,207,7,5,8,46,159,13,21,24,6,40,28,0,0,74,3,1,1,0,0,0,0,0,0,0,0,0,38,11,0,826
2019-06-01,7,22,6,2019,87,84,193,3,23,12,62,198,16,19,29,3,27,27,0,1,60,4,1,1,2,2,3,0,1,0,2,0,0,47,8,0,915
2019-06-22,7,25,6,2019,43,97,164,5,4,2,43,218,21,21,21,5,36,30,1,2,63,2,3,0,0,1,1,0,0,0,0,0,0,38,4,0,825
2020-04-24,6,17,4,2020,39,61,86,1,7,1,23,90,9,24,18,2,18,18,0,0,29,1,0,0,0,2,1,0,2,0,0,0,0,4,2,0,438
2019-09-05,5,36,9,2019,62,65,122,3,1,4,32,170,27,15,15,2,8,28,0,0,48,0,0,1,1,0,1,0,2,0,0,0,0,34,4,0,645
2020-04-29,4,18,4,2020,33,65,80,0,3,1,20,89,9,12,28,0,6,31,0,0,30,2,0,0,0,0,2,0,0,0,0,0,0,9,2,0,422
2019-02-10,1,6,2,2019,40,70,142,1,6,5,42,143,7,16,21,4,20,24,0,0,46,3,0,0,0,1,3,1,0,0,0,0,0,37,6,0,638
2019-02-19,3,8,2,2019,49,60,98,5,13,2,55,133,15,18,18,2,10,25,0,3,58,0,1,0,1,1,1,0,0,0,0,0,0,40,2,0,610
2019-02-24,1,8,2,2019,25,51,118,2,7,2,41,139,28,23,12,2,10,16,0,0,33,0,0,0,0,0,2,0,0,0,0,0,0,33,3,0,547
2019-02-27,4,9,2,2019,64,64,112,4,4,1,43,144,20,21,21,4,11,22,0,0,45,1,4,0,3,1,1,0,2,0,0,0,0,54,3,0,649
2019-03-07,5,10,3,2019,54,58,111,3,8,3,47,148,17,28,16,5,6,17,1,0,35,0,0,0,1,0,0,0,0,0,0,0,0,49,2,0,609
2019-05-13,2,20,5,2019,66,82,158,7,11,3,53,182,23,18,23,11,17,18,0,0,74,1,0,0,1,0,3,0,1,0,0,0,0,31,6,0,789
2019-05-20,2,21,5,2019,65,77,148,10,8,5,49,193,21,18,25,3,21,32,1,1,82,2,0,0,0,3,0,0,0,1,0,0,0,36,7,0,808
2019-11-22,6,47,11,2019,53,67,123,3,6,5,51,165,23,26,26,3,23,29,0,0,52,0,4,0,0,2,2,0,0,0,0,0,0,60,4,0,727
2019-11-26,3,48,11,2019,48,64,142,3,7,5,44,178,15,25,16,2,11,17,0,0,47,3,8,0,0,0,0,1,0,0,0,0,0,39,3,0,678
2019-12-03,3,49,12,2019,57,44,110,0,4,2,43,207,15,28,19,0,22,23,1,0,58,3,0,0,1,1,0,0,0,0,0,0,0,43,8,0,689
2019-09-18,4,38,9,2019,50,83,138,2,4,5,43,176,20,28,15,4,17,34,1,0,77,3,0,1,0,1,3,1,1,0,0,0,0,46,2,0,755
2020-03-13,6,11,3,2020,46,81,129,4,3,2,40,147,14,28,24,2,18,23,1,2,52,1,0,0,1,0,3,0,0,0,0,0,0,46,5,0,672
2019-07-23,3,30,7,2019,56,89,119,6,6,2,45,220,19,29,33,5,17,34,1,0,51,1,6,0,1,0,4,0,0,0,0,0,0,36,7,0,787
2019-12-20,6,51,12,2019,52,68,107,1,6,3,42,215,20,19,37,5,23,35,0,0,39,2,0,0,2,0,0,0,0,0,0,0,0,39,8,0,723
2019-08-22,5,34,8,2019,66,82,135,1,6,10,48,194,14,23,22,1,17,29,1,1,58,1,0,2,0,0,2,0,2,0,0,0,0,37,2,0,754
2019-10-05,7,40,10,2019,41,101,140,1,4,4,38,176,16,16,25,5,19,26,0,2,52,3,0,0,0,0,2,0,0,0,0,0,0,49,2,0,722
2019-10-17,5,42,10,2019,58,71,111,4,2,3,53,176,21,22,20,7,19,19,1,1,49,1,1,0,1,0,0,0,0,0,0,0,0,33,3,0,676
2020-12-12,7,50,12,2020,59,52,104,0,1,1,30,79,8,29,28,0,25,17,0,1,41,0,0,0,0,0,0,0,0,0,0,0,0,15,2,0,492
2019-01-13,1,2,1,2019,17,52,130,3,8,2,37,117,22,23,20,4,18,29,0,0,40,0,10,2,0,0,1,0,0,0,0,0,0,36,1,0,572
2019-04-19,6,16,4,2019,39,73,109,4,17,1,44,161,15,14,21,1,12,26,2,2,44,1,1,0,0,1,1,0,0,0,0,0,0,56,5,0,650
2019-04-22,2,17,4,2019,59,95,140,6,6,4,51,129,18,23,24,10,21,29,0,0,71,2,0,0,0,0,2,0,0,0,0,0,0,42,3,0,735
2019-05-10,6,19,5,2019,73,81,160,4,12,4,50,170,28,15,29,6,18,29,1,2,57,1,0,0,1,0,3,1,3,0,0,0,0,46,3,0,797
2019-10-27,1,43,10,2019,32,79,155,3,9,3,36,176,23,33,28,2,19,19,1,0,47,3,1,0,1,0,3,0,1,0,0,0,0,24,3,0,701
2020-04-03,6,14,4,2020,33,78,120,1,5,3,32,103,8,15,23,1,20,25,0,0,33,1,0,0,0,0,3,0,0,0,0,0,0,2,1,0,507
2019-11-02,7,44,11,2019,42,80,142,3,6,3,38,160,11,26,20,5,8,21,0,1,59,2,0,0,0,0,1,0,0,0,0,0,0,30,5,0,663
2019-06-23,1,25,6,2019,38,107,188,3,5,7,50,172,16,32,32,3,17,25,0,1,68,2,0,0,1,0,0,0,0,0,0,0,0,37,4,0,808
2019-12-02,2,49,12,2019,61,62,107,5,7,2,51,200,17,30,24,5,16,23,0,0,50,1,0,0,0,2,1,1,1,0,0,0,0,41,2,0,709
2019-12-06,6,49,12,2019,47,81,125,2,6,5,41,216,9,19,31,5,28,28,0,0,52,1,0,0,1,1,1,0,0,0,0,0,0,35,2,0,736
2020-08-25,3,35,8,2020,34,61,115,6,6,5,41,158,15,28,35,4,26,23,0,1,50,1,0,0,0,1,3,0,0,0,0,0,0,20,3,0,636
2019-12-14,7,50,12,2019,43,66,149,2,4,1,36,206,12,27,23,4,18,21,0,0,39,1,1,0,0,0,2,0,1,0,0,0,0,24,2,0,682
2019-08-17,7,33,8,2019,39,91,179,4,7,3,36,191,16,33,32,2,31,37,0,1,59,1,0,1,0,0,2,0,1,0,0,0,0,41,4,0,811
2019-08-20,3,34,8,2019,63,86,128,4,8,4,52,173,18,23,21,4,5,25,0,1,61,2,0,2,1,0,1,0,0,0,0,0,0,47,2,0,731
2019-02-05,3,6,2,2019,40,59,104,5,6,3,57,166,13,10,21,3,20,31,0,0,57,1,0,0,2,1,3,1,0,0,0,0,0,46,3,0,652
2020-03-26,5,13,3,2020,30,41,91,1,3,3,24,94,10,20,20,1,13,13,0,0,48,0,0,0,0,0,1,0,0,0,0,0,0,8,3,0,424
2019-02-28,5,9,2,2019,62,48,98,3,8,4,49,155,21,16,20,6,14,14,1,0,40,0,0,0,1,0,0,0,0,0,0,0,0,29,5,0,594
2019-04-15,2,16,4,2019,70,87,110,2,11,0,54,176,11,22,29,5,11,21,0,0,56,3,0,0,1,0,2,0,1,0,0,0,0,44,5,1,722
2019-04-26,6,17,4,2019,64,68,130,2,9,1,50,188,14,17,24,4,23,28,1,0,74,5,3,0,0,2,2,0,0,0,0,0,0,50,1,0,760
2019-05-18,7,20,5,2019,44,85,171,4,7,1,53,188,18,19,24,5,21,21,0,0,58,1,0,0,0,1,0,0,0,0,0,0,0,32,5,0,758
2019-06-02,1,22,6,2019,32,69,178,7,7,2,38,164,16,30,27,3,19,24,0,3,79,3,1,1,1,0,0,1,0,0,0,0,0,26,3,0,734
2019-08-26,2,35,8,2019,49,61,125,2,9,5,53,168,26,23,27,0,13,38,3,0,66,1,9,0,1,0,1,0,1,0,1,0,0,41,4,0,727
2019-08-28,4,35,8,2019,58,66,128,5,11,3,39,223,24,19,19,6,13,23,0,0,64,2,2,0,0,1,1,0,0,0,0,0,0,40,5,0,752
2020-08-27,5,35,8,2020,42,69,110,1,3,3,38,132,12,27,27,2,19,15,0,0,68,3,0,0,0,0,2,1,0,0,0,0,0,14,1,0,589
2020-03-20,6,12,3,2020,44,77,118,1,4,0,29,98,6,19,20,0,8,17,0,0,39,0,0,0,1,0,2,0,0,0,0,0,0,6,5,0,494
2019-02-15,6,7,2,2019,63,64,120,3,8,3,62,189,22,11,25,3,11,24,0,0,64,0,1,0,1,0,2,0,0,0,0,0,0,58,5,0,739
2019-03-26,3,13,3,2019,57,76,114,2,5,2,45,158,13,18,21,7,15,35,0,0,50,2,2,0,1,0,0,0,0,0,0,0,0,46,2,0,671
2019-04-18,5,16,4,2019,34,63,122,4,7,2,50,134,16,20,27,4,14,31,0,0,54,2,1,0,0,0,4,0,0,0,0,0,0,34,4,0,627
2020-07-19,1,29,7,2020,20,93,160,1,1,2,39,105,14,21,34,3,26,16,1,1,64,4,0,0,2,0,0,0,1,0,0,0,0,14,3,0,625
2019-06-28,6,26,6,2019,50,91,159,2,8,1,52,212,22,34,30,5,25,30,0,1,66,2,3,4,0,1,1,0,1,0,0,0,0,45,1,0,846
2019-06-29,7,26,6,2019,50,93,201,5,7,0,58,211,15,34,22,5,25,23,2,0,55,3,0,0,1,1,0,0,3,0,0,0,0,46,3,0,863
2020-03-09,2,11,3,2020,34,49,124,1,12,3,40,127,12,18,24,1,16,21,1,0,48,1,3,0,1,0,0,0,0,0,0,0,0,33,3,0,572
2019-08-15,5,33,8,2019,61,90,133,2,5,4,48,212,17,17,21,8,23,29,0,2,79,1,6,1,0,0,1,0,1,0,0,0,0,44,7,0,812
2019-07-30,3,31,7,2019,59,66,130,5,5,1,49,206,21,25,26,4,20,39,1,0,60,0,0,0,0,0,4,0,0,0,0,0,0,50,5,0,776
2019-12-26,5,52,12,2019,46,73,115,3,8,5,29,133,18,20,14,3,16,25,1,2,48,0,0,0,0,1,1,0,0,0,0,0,0,44,3,0,608
2020-05-12,3,20,5,2020,26,68,95,1,4,0,20,89,10,15,13,5,20,22,1,0,44,2,0,0,0,1,0,1,0,0,0,0,0,16,0,0,453
2019-12-09,2,50,12,2019,53,62,115,1,8,6,37,202,21,26,17,0,11,35,1,1,60,1,0,0,0,1,4,1,1,0,0,0,0,39,2,0,705
2019-10-19,7,42,10,2019,36,83,179,2,6,5,40,156,25,16,13,2,18,33,1,1,55,2,0,1,0,1,1,0,1,0,0,0,0,32,6,0,715
2019-04-03,4,14,4,2019,53,59,117,2,9,3,61,137,22,25,25,3,13,18,1,0,69,3,4,0,0,1,1,0,0,0,0,0,0,49,4,0,679
2019-05-03,6,18,5,2019,55,66,131,9,7,4,52,218,17,13,27,7,16,35,1,0,63,1,1,1,0,0,1,0,0,0,0,0,0,58,8,0,791
2019-05-04,7,18,5,2019,47,89,157,3,5,3,31,142,12,19,22,6,23,27,0,1,63,0,1,3,0,2,0,0,1,0,0,0,0,36,6,0,699
2019-06-11,3,24,6,2019,37,73,161,4,5,3,43,186,21,37,21,3,22,26,0,0,71,1,9,3,1,1,0,1,0,0,1,0,0,44,1,0,775
2019-06-13,5,24,6,2019,43,90,134,9,7,3,39,177,21,20,21,3,9,22,0,0,53,2,0,1,1,0,0,0,0,0,0,0,0,41,5,0,701
2019-11-14,5,46,11,2019,47,41,86,5,5,5,35,166,16,19,22,0,9,20,0,0,59,0,4,1,0,0,0,1,0,0,0,0,0,36,1,0,578
2019-07-16,3,29,7,2019,61,66,153,7,3,3,41,185,16,28,24,4,16,27,0,1,64,1,12,1,2,2,2,1,1,0,0,0,0,32,1,0,754
2019-08-14,4,33,8,2019,50,92,133,3,5,6,54,192,31,24,25,3,11,25,0,1,69,1,7,0,2,0,2,0,2,0,0,0,0,50,4,0,792
2019-10-07,2,41,10,2019,51,82,141,6,11,3,48,170,21,20,21,0,12,32,1,0,62,1,6,0,0,0,1,0,0,0,0,0,0,51,5,0,745
2020-12-18,6,51,12,2020,114,44,78,1,7,0,41,103,18,21,22,2,24,17,0,0,42,1,0,0,1,0,1,0,0,0,0,0,0,19,5,0,561
2020-01-03,6,1,1,2020,54,54,128,4,3,4,57,152,26,20,23,1,24,26,1,0,56,2,0,0,1,1,1,0,1,0,0,0,0,52,3,0,694
2020-12-24,5,52,12,2020,82,54,78,0,15,1,31,107,6,17,24,2,13,17,0,0,40,3,0,0,0,0,0,0,0,0,0,0,0,3,1,0,494
2020-01-07,3,2,1,2020,69,57,106,2,2,2,38,158,19,15,14,4,17,25,1,1,51,0,0,0,1,0,0,0,0,0,0,0,0,42,1,0,625
2020-01-09,5,2,1,2020,54,54,89,4,7,3,46,157,21,23,24,4,19,25,2,2,46,0,0,1,0,1,2,0,1,0,0,0,0,41,4,0,630
2020-01-30,5,5,1,2020,41,68,98,4,6,2,46,143,19,25,25,3,10,22,0,0,49,0,1,0,0,0,1,0,1,0,0,0,0,51,4,0,619
2020-03-22,1,12,3,2020,26,47,104,1,4,2,25,72,9,6,8,2,12,15,0,0,29,1,0,0,1,1,0,0,0,0,0,0,0,7,4,0,376
2019-01-20,1,3,1,2019,32,48,109,5,3,2,45,100,15,16,19,3,7,13,0,0,43,1,0,0,0,0,1,0,0,0,0,0,0,23,8,0,493
2019-02-09,7,6,2,2019,48,84,138,3,8,3,60,183,27,17,23,5,15,20,0,1,42,2,6,1,0,0,2,0,0,0,0,0,0,62,6,0,756
2019-05-07,3,19,5,2019,54,61,134,2,10,4,50,191,26,6,20,2,15,19,1,0,62,1,0,0,1,1,1,0,0,1,0,0,0,37,1,0,700
2019-05-19,1,20,5,2019,34,94,198,3,12,4,62,140,14,25,24,4,16,19,1,0,70,1,1,0,0,1,1,0,0,0,0,0,0,44,6,0,774
2020-03-29,1,13,3,2020,19,72,129,1,5,4,30,105,11,23,17,2,14,19,1,0,39,0,0,0,2,0,3,0,0,0,0,0,0,2,2,0,500
2020-08-15,7,33,8,2020,29,73,154,4,3,4,34,117,4,20,34,5,45,25,0,1,58,1,0,0,1,0,2,0,0,0,0,0,0,9,1,0,624
2019-06-03,2,23,6,2019,49,70,117,3,12,5,57,169,26,16,21,3,15,20,0,0,74,1,0,0,3,2,1,1,0,0,0,0,0,41,1,0,707
2019-06-14,6,24,6,2019,60,76,166,7,6,3,40,190,14,26,27,7,23,32,1,0,77,0,0,3,0,0,1,0,1,0,0,0,0,41,5,0,806
2019-11-12,3,46,11,2019,52,40,83,4,4,4,38,151,16,11,24,1,15,26,0,0,37,1,0,0,1,1,0,0,0,0,0,0,0,33,3,0,545
2020-12-17,5,51,12,2020,102,37,85,1,6,0,31,98,5,17,33,0,23,15,0,0,41,2,0,0,0,1,1,0,1,0,0,0,0,13,5,0,517
2019-07-05,6,27,7,2019,61,103,202,9,9,2,54,184,16,26,20,5,37,26,0,1,69,3,0,0,0,0,3,0,3,0,0,0,0,47,10,0,890
2020-04-20,2,17,4,2020,49,67,94,0,10,6,32,92,7,16,22,2,18,23,0,1,37,5,0,0,0,0,1,0,2,0,0,0,0,11,3,0,498
2019-07-15,2,29,7,2019,64,105,126,6,11,5,46,211,31,19,24,6,19,27,0,0,66,0,1,0,1,0,1,0,0,0,0,0,0,48,4,0,821
2020-05-04,2,19,5,2020,38,59,95,1,3,1,21,91,8,15,23,1,8,20,0,0,38,1,0,0,1,0,0,0,0,0,0,0,0,12,2,0,438
2019-04-30,3,18,4,2019,52,72,135,3,4,4,45,190,20,18,20,7,11,29,1,0,59,1,4,0,0,1,1,0,0,0,0,0,0,43,8,0,728
2019-02-11,2,7,2,2019,49,53,101,6,7,5,38,154,13,24,26,2,20,37,2,0,42,0,1,0,0,0,1,0,0,0,0,0,0,42,1,0,624
2019-03-28,5,13,3,2019,53,52,147,3,9,3,47,152,14,14,23,3,17,22,0,0,71,3,1,0,1,1,1,0,0,0,0,0,0,44,2,0,683
2019-04-05,6,14,4,2019,42,84,122,4,4,1,44,170,21,18,29,2,21,18,0,0,58,1,2,0,0,0,1,0,0,0,0,0,0,60,1,0,703
2019-11-07,5,45,11,2019,49,73,111,4,9,1,49,172,17,17,18,7,7,27,0,1,57,2,1,0,0,0,2,1,2,0,0,0,0,31,3,0,661
2019-06-04,3,23,6,2019,55,77,159,4,7,3,48,169,23,18,27,7,17,32,0,1,77,1,1,1,0,0,2,0,2,0,0,0,0,36,4,0,771
2019-06-21,6,25,6,2019,62,92,128,5,3,2,49,200,16,17,22,5,14,19,0,1,63,4,0,1,1,1,0,0,2,0,0,0,0,64,8,0,779
2020-04-12,1,15,4,2020,18,73,80,0,7,2,21,70,10,18,17,1,14,12,0,0,31,0,0,0,0,0,0,0,0,0,0,0,0,7,2,0,383
2019-07-11,5,28,7,2019,54,71,164,3,4,4,49,163,20,25,35,6,22,27,0,1,82,0,1,1,0,2,1,0,0,0,0,0,0,25,4,0,764
2019-12-01,1,48,12,2019,71,73,133,2,14,10,38,162,16,20,26,2,16,31,0,0,42,0,9,0,0,0,2,0,1,0,0,0,0,39,10,0,717
2019-09-04,4,36,9,2019,55,51,113,4,4,4,49,193,17,20,20,4,11,27,1,0,57,1,0,0,0,0,3,0,0,0,0,0,0,47,2,0,683
2019-08-13,3,33,8,2019,63,93,108,8,7,3,46,204,28,19,17,1,20,31,1,0,55,0,1,1,0,1,3,0,0,0,0,0,0,48,4,0,762
2019-02-23,7,8,2,2019,40,71,122,2,9,3,44,145,16,20,26,3,11,21,1,0,48,1,0,0,0,0,2,0,0,0,0,0,0,56,6,0,647
2019-03-02,7,9,3,2019,46,62,137,5,4,4,37,135,17,20,29,0,27,25,0,2,52,2,3,0,0,0,0,0,0,0,0,0,0,54,2,0,663
2019-03-19,3,12,3,2019,47,57,129,4,6,3,37,149,17,14,12,5,19,25,1,2,61,0,2,0,0,0,0,0,1,0,0,0,0,47,5,0,643
2019-03-22,6,12,3,2019,53,64,137,2,8,2,47,178,15,18,15,5,14,33,0,3,48,2,0,0,0,0,2,1,0,0,0,0,0,57,5,0,709
2019-04-10,4,15,4,2019,53,71,92,3,10,5,54,162,16,21,35,4,12,25,1,0,49,3,2,0,1,0,1,0,2,0,0,0,0,35,2,0,659
2019-04-17,4,16,4,2019,43,75,120,2,5,4,48,152,19,23,41,7,25,28,1,1,47,4,0,0,1,0,0,0,1,0,1,0,0,39,4,0,691
2019-10-26,7,43,10,2019,27,61,124,2,6,5,32,134,18,19,29,3,10,19,0,3,38,0,0,0,0,0,2,0,0,0,1,0,0,22,3,0,558
2020-04-06,2,15,4,2020,40,60,109,1,5,2,21,81,7,19,26,1,17,21,0,0,28,5,0,0,1,0,1,0,0,0,0,0,0,5,1,0,451
2019-02-25,2,9,2,2019,44,54,109,3,7,1,47,149,13,16,28,7,13,16,0,0,38,1,1,0,1,1,1,0,0,0,0,0,0,44,1,0,595
2019-11-24,1,47,11,2019,49,67,143,4,4,3,52,157,19,24,14,4,26,24,1,0,56,0,5,0,2,1,1,0,1,0,0,0,0,35,5,0,697
2019-11-25,2,48,11,2019,42,69,99,5,8,7,44,196,22,23,28,1,18,34,1,0,44,0,3,0,2,1,0,0,0,0,0,0,0,38,5,0,690
2019-08-16,6,33,8,2019,57,78,122,7,12,3,43,186,17,16,28,5,24,38,0,1,63,2,0,1,1,0,1,1,0,0,0,0,0,62,6,0,774
2019-12-13,6,50,12,2019,62,68,137,6,5,5,36,190,15,26,30,3,12,32,1,1,59,0,0,0,0,0,4,0,1,0,0,0,0,29,8,0,730
2019-07-22,2,30,7,2019,62,91,121,5,8,3,41,207,33,23,31,6,18,28,1,0,66,2,1,1,1,0,1,0,0,0,0,0,0,32,8,0,790
2019-12-17,3,51,12,2019,60,45,132,6,4,4,47,169,33,27,23,1,12,28,1,0,43,1,0,0,0,1,2,1,0,0,0,0,0,28,1,0,669
2019-08-01,5,31,8,2019,104,79,127,6,10,7,45,262,23,21,30,2,14,32,2,4,59,0,10,0,1,0,1,0,1,0,0,0,0,57,5,0,902
2020-06-21,1,25,6,2020,33,90,171,0,4,5,26,109,6,15,25,3,23,8,2,0,53,4,0,0,2,0,5,0,0,0,0,0,0,8,1,0,593
2019-12-25,4,52,12,2019,19,75,149,3,5,2,25,92,9,15,15,3,18,17,0,0,52,1,0,0,0,0,1,0,1,0,0,0,0,9,0,0,511
2019-02-21,5,8,2,2019,52,58,122,6,12,6,49,181,19,25,14,4,13,24,1,1,56,2,0,0,2,1,0,0,0,0,0,0,0,44,4,0,696
2019-02-20,4,8,2,2019,54,59,115,4,5,5,49,141,17,26,30,3,10,25,0,0,43,0,0,0,1,1,1,0,0,0,0,0,0,42,1,0,632
2019-03-12,3,11,3,2019,55,73,103,4,7,3,44,155,21,13,18,7,11,17,0,1,46,1,0,0,0,1,1,1,0,0,0,0,0,44,1,0,627
2019-03-13,4,11,3,2019,46,71,132,6,8,2,53,152,16,18,21,10,13,17,0,0,74,1,3,0,2,0,0,0,2,0,0,0,0,38,3,0,688
2019-05-29,4,22,5,2019,57,78,139,5,3,6,33,178,28,23,22,5,9,36,0,0,73,5,7,0,1,0,0,0,0,0,0,0,0,26,3,0,737
2019-07-06,7,27,7,2019,49,87,184,9,7,4,56,180,25,13,21,10,29,33,1,3,61,1,1,0,0,2,0,0,1,0,0,0,0,35,3,0,815
2020-04-21,3,17,4,2020,41,51,92,0,4,5,29,82,9,17,22,1,10,9,0,0,31,3,0,0,0,0,2,0,1,0,0,0,0,7,1,0,417
2019-11-29,6,48,11,2019,60,65,130,1,2,4,36,160,17,25,17,1,17,26,0,2,44,1,0,1,1,0,1,0,0,0,0,0,0,34,3,0,648
2019-11-13,4,46,11,2019,46,47,94,4,6,4,44,153,20,20,26,3,6,27,1,0,36,1,0,0,2,1,2,0,0,0,0,0,0,34,1,0,578
2019-08-04,1,31,8,2019,26,89,199,3,3,2,42,228,11,27,34,5,29,24,0,2,59,2,3,0,1,0,1,0,1,0,0,0,0,42,9,0,842
2020-05-14,5,20,5,2020,35,70,97,0,4,4,24,89,7,16,25,1,18,17,3,0,37,0,0,0,1,0,0,0,0,0,0,0,0,17,2,0,467
2019-08-18,1,33,8,2019,38,96,193,11,6,2,48,152,16,20,21,3,26,24,0,0,52,2,0,0,3,0,1,0,0,0,0,0,0,37,8,0,759
2019-09-25,4,39,9,2019,55,73,123,6,7,3,46,166,18,22,14,5,12,32,1,0,63,3,0,2,2,0,1,1,0,0,0,0,0,52,5,0,712
2019-02-13,4,7,2,2019,48,52,116,6,11,5,53,147,15,17,24,6,9,29,0,0,57,2,0,0,0,1,0,0,0,0,0,0,0,44,1,0,643
2020-05-23,7,21,5,2020,35,72,119,3,7,0,24,92,9,15,20,2,47,17,0,2,49,5,1,0,0,0,5,0,2,0,0,0,0,24,3,0,553
2020-01-18,7,3,1,2020,32,46,116,2,1,3,41,135,13,28,16,1,8,15,0,0,50,3,4,0,0,0,0,0,2,0,0,0,0,38,7,0,561
2020-09-04,6,36,9,2020,45,86,119,2,8,3,32,143,12,18,29,3,35,22,1,1,59,3,0,0,3,0,1,0,1,0,0,0,0,17,2,0,645
2020-12-29,3,53,12,2020,74,55,69,1,3,2,25,59,10,16,22,0,21,14,0,0,36,1,0,0,1,0,0,0,0,0,0,0,0,14,1,0,424
2020-06-02,3,23,6,2020,30,108,145,1,4,1,28,74,11,24,33,17,61,51,0,0,70,1,0,0,0,0,7,1,1,0,0,0,0,6,2,0,676
2020-02-06,5,6,2,2020,42,46,98,3,4,3,40,142,15,24,16,4,7,21,0,0,37,1,1,0,1,1,0,0,1,1,0,0,0,44,2,0,554
2020-02-24,2,9,2,2020,36,49,107,1,4,0,49,160,25,18,27,5,13,21,1,0,35,1,0,0,2,1,0,0,0,0,0,0,0,40,3,0,598
2020-06-18,5,25,6,2020,46,77,137,1,3,0,39,109,9,20,25,2,21,27,1,0,58,4,0,1,0,1,1,0,0,0,0,0,0,14,4,0,600
2020-06-20,7,25,6,2020,33,96,173,1,11,4,36,98,10,26,20,1,26,19,0,0,78,6,0,0,0,0,3,0,1,0,0,0,0,7,4,0,653
2021-01-11,2,2,1,2021,89,41,68,1,4,1,22,82,4,32,30,1,18,15,1,0,56,1,0,0,3,0,1,0,0,0,0,0,0,14,1,0,485
2020-10-11,1,41,10,2020,58,84,161,1,6,1,28,92,12,24,26,5,38,18,1,0,64,2,0,0,0,0,1,0,1,0,0,0,0,23,3,0,649
2021-01-26,3,4,1,2021,83,50,75,1,0,1,32,69,4,15,18,1,10,16,0,0,34,0,0,0,0,0,1,0,1,0,0,0,0,13,1,0,425
2021-01-25,2,4,1,2021,104,52,87,0,7,7,38,78,11,18,37,1,14,21,0,0,49,1,0,0,0,0,0,0,0,0,0,0,0,11,1,0,537
2021-01-29,6,4,1,2021,90,29,105,1,7,1,33,78,4,25,18,1,21,7,0,0,37,1,0,0,0,0,0,0,1,0,0,0,0,18,1,0,478
2020-11-24,3,48,11,2020,62,49,74,1,4,3,33,98,10,30,31,1,20,14,1,0,41,3,0,0,1,1,3,0,0,0,0,0,0,14,6,0,500
2020-11-16,2,47,11,2020,65,53,93,1,3,1,32,86,4,15,48,1,24,24,0,0,39,1,0,0,0,0,1,0,1,0,0,0,0,16,3,0,511
2021-02-24,4,8,2,2021,64,61,86,0,2,4,31,87,9,20,25,2,23,21,0,0,48,1,0,0,0,0,1,0,0,0,0,0,0,15,4,0,504
2021-03-17,4,11,3,2021,46,49,97,2,3,5,39,72,6,12,25,4,10,20,1,0,55,0,0,0,0,2,2,0,2,0,0,0,0,18,5,0,475
2019-08-05,2,32,8,2019,50,101,151,8,1,4,42,187,19,33,29,5,18,30,0,4,66,2,7,2,1,1,1,0,2,0,0,0,0,43,1,0,808
2020-05-17,1,20,5,2020,13,92,105,0,3,3,23,81,4,8,18,1,17,17,0,0,40,1,0,0,0,0,1,0,2,0,0,0,0,6,4,0,439
2020-09-03,5,36,9,2020,41,67,110,1,5,3,30,120,13,26,26,0,21,17,1,1,62,4,0,0,2,0,2,0,1,0,0,0,0,13,3,0,569
2020-01-13,2,3,1,2020,64,68,101,1,4,4,53,153,9,25,22,3,15,22,0,0,62,0,0,0,0,0,1,0,0,0,0,0,0,36,5,0,648
2020-01-20,2,4,1,2020,39,49,106,5,3,2,49,152,11,22,26,5,16,20,0,0,48,0,1,0,1,0,0,1,0,0,0,0,0,56,5,0,617
2020-09-05,7,36,9,2020,37,73,147,1,5,8,41,127,13,17,31,3,50,19,0,0,70,1,0,0,0,1,2,0,1,0,0,0,0,22,3,0,672
2020-08-17,2,34,8,2020,48,87,126,0,2,2,30,137,11,26,42,3,24,20,0,0,54,1,0,0,0,1,1,0,0,0,0,0,0,19,6,0,640
2020-02-08,7,6,2,2020,37,67,125,5,6,3,43,140,16,22,32,1,24,14,1,1,42,5,0,0,0,0,1,0,2,0,0,0,0,33,5,0,625
2020-08-30,1,35,8,2020,28,89,159,3,2,1,37,101,9,33,25,2,50,25,0,0,55,4,1,0,1,0,5,0,2,1,0,0,0,23,2,0,658
2020-06-13,7,24,6,2020,16,74,139,1,2,3,19,83,14,15,24,1,20,17,1,0,61,1,0,0,1,0,1,0,0,0,0,0,0,8,2,0,503
2020-10-02,6,40,10,2020,56,62,88,3,6,4,39,116,11,19,24,1,19,20,2,0,46,3,0,0,1,1,1,0,1,0,0,0,0,23,5,0,551
2021-01-06,4,1,1,2021,96,46,64,1,3,2,33,77,10,19,22,1,16,11,1,0,48,3,0,0,2,0,1,0,0,0,0,0,0,21,3,0,480
2019-01-15,3,3,1,2019,68,57,124,5,3,5,52,159,26,23,28,2,9,25,1,0,51,1,6,0,2,0,0,0,0,0,0,0,0,45,3,0,695
2020-10-06,3,41,10,2020,59,71,126,1,3,2,30,94,9,25,33,2,28,22,0,2,47,1,0,0,0,0,5,0,1,0,0,0,0,30,2,0,593
2020-09-07,2,37,9,2020,20,63,127,4,5,1,43,104,12,29,21,1,36,19,2,1,59,4,9,0,0,1,4,0,1,0,0,0,0,31,2,0,599
2020-03-15,1,11,3,2020,39,68,152,1,6,7,35,114,16,15,16,3,14,27,0,0,47,1,0,0,1,0,0,0,1,0,0,0,0,22,3,0,588
2020-08-07,6,32,8,2020,37,70,122,2,3,2,25,117,11,13,20,5,32,26,0,1,72,3,0,0,2,0,0,0,0,0,0,0,0,27,4,0,594
2020-10-31,7,44,10,2020,53,80,137,1,5,2,32,108,9,27,36,2,31,19,0,0,54,4,0,0,1,0,2,1,2,0,0,0,0,12,3,0,621
2020-10-30,6,44,10,2020,76,62,112,0,10,2,24,113,17,28,36,2,35,26,0,1,45,1,0,0,1,0,2,1,0,0,0,0,0,18,3,0,615
2020-11-19,5,47,11,2020,52,75,98,0,3,1,31,103,8,39,28,0,14,8,0,0,46,0,0,0,0,0,1,0,0,0,0,0,0,7,2,0,516
2020-12-10,5,50,12,2020,107,58,72,0,4,1,37,107,9,18,26,3,32,10,0,0,54,1,0,0,1,0,3,0,0,0,0,0,0,25,0,0,568
2020-12-09,4,50,12,2020,89,52,86,2,3,0,26,105,9,11,29,1,23,12,0,0,40,1,0,0,0,0,4,0,0,0,0,0,0,23,0,0,516
2021-02-27,7,8,2,2021,40,85,119,1,6,3,30,92,9,17,25,1,27,12,0,1,50,1,0,0,1,0,1,0,0,0,0,0,0,18,2,0,541
2020-09-25,6,39,9,2020,45,93,137,1,3,2,47,144,11,21,35,5,31,13,2,0,52,3,0,0,1,0,0,0,0,0,0,0,0,26,4,0,676
2021-03-23,3,12,3,2021,30,63,80,2,7,3,34,86,5,14,29,0,23,10,0,0,37,4,0,0,1,0,3,0,0,0,0,0,0,16,2,0,449
2019-12-30,2,1,12,2019,46,64,107,4,6,5,28,164,9,23,29,1,16,26,0,0,52,2,0,0,0,0,0,0,0,0,0,0,0,32,1,0,615
2020-01-05,1,1,1,2020,31,62,126,3,7,0,48,118,14,37,25,2,19,28,0,0,46,2,0,0,2,0,4,0,0,0,0,0,0,45,2,0,621
2020-01-22,4,4,1,2020,49,51,128,4,15,6,43,118,18,27,22,1,11,26,1,0,61,1,0,0,0,1,0,0,1,0,0,0,0,41,6,0,631
2020-01-26,1,4,1,2020,38,50,128,4,6,3,42,127,22,26,23,2,20,16,1,0,44,1,9,0,0,1,0,0,1,0,0,0,0,32,9,0,605
2019-09-21,7,38,9,2019,44,95,151,1,10,4,38,182,23,28,38,3,14,21,1,1,59,1,0,3,0,0,0,0,2,0,0,0,0,33,5,0,757
2020-06-01,2,23,6,2020,65,152,126,3,10,5,34,97,8,30,34,57,54,128,1,0,45,5,0,0,1,0,11,0,0,0,0,0,0,13,5,0,884
2020-06-03,4,23,6,2020,25,100,129,2,2,2,23,90,3,29,30,10,49,26,0,0,68,4,0,1,2,2,4,0,3,0,0,0,0,13,5,0,622
2020-02-22,7,8,2,2020,35,76,153,4,5,5,45,150,17,23,12,3,28,19,0,4,53,2,0,0,1,0,2,0,0,0,0,0,0,43,5,0,685
2020-06-15,2,25,6,2020,44,72,136,0,5,2,42,109,7,13,25,3,17,21,0,0,55,5,0,0,0,3,2,0,0,0,0,0,0,12,0,0,573
2020-06-19,6,25,6,2020,42,66,132,1,7,0,37,117,13,20,30,1,14,29,0,0,60,6,0,0,2,0,3,0,1,0,0,0,0,10,5,0,596
2020-03-11,4,11,3,2020,37,59,101,2,3,2,46,157,16,12,17,3,10,15,0,1,63,0,0,0,1,0,1,0,0,0,0,0,0,40,3,0,589
2020-03-16,2,12,3,2020,47,53,101,4,6,4,36,118,11,13,20,1,12,17,0,1,50,2,0,0,1,0,2,0,0,0,0,0,0,30,1,0,530
2020-07-31,6,31,7,2020,46,71,116,3,3,4,45,123,13,25,38,5,22,22,0,4,51,1,0,0,1,0,4,0,2,0,0,0,0,21,5,0,625
2021-01-30,7,4,1,2021,38,48,101,0,1,3,34,86,7,23,18,1,23,15,0,0,41,2,0,0,0,0,0,1,0,0,0,0,0,11,1,0,454
2021-02-13,7,6,2,2021,26,52,86,0,3,1,29,71,9,19,24,1,11,11,0,1,48,1,0,0,2,0,0,0,0,0,0,0,0,10,3,0,408
2019-10-01,3,40,10,2019,109,78,136,5,21,2,71,197,23,16,28,4,10,32,0,1,71,2,0,0,0,0,1,0,0,1,0,0,0,55,10,0,873
2020-11-14,7,46,11,2020,33,59,97,0,6,0,30,85,5,19,33,1,18,15,0,0,46,2,0,0,1,0,0,0,0,0,0,0,0,18,1,0,469
2020-12-02,4,49,12,2020,78,48,81,0,6,4,28,110,10,20,27,1,24,14,0,0,35,3,0,0,0,0,1,0,0,0,0,0,0,17,0,0,507
2021-02-22,2,8,2,2021,62,62,83,0,2,3,27,87,10,14,28,1,14,19,0,0,42,1,0,0,1,0,0,1,0,0,0,0,0,21,0,0,478
2019-10-13,1,41,10,2019,39,95,155,4,2,3,50,168,15,21,26,5,17,15,0,1,44,3,2,0,1,0,1,0,2,0,0,0,0,22,5,0,696
2019-01-07,2,2,1,2019,49,71,108,2,7,2,56,167,31,15,19,1,9,41,0,0,54,2,0,1,2,0,1,1,0,0,0,0,0,36,1,0,676
2019-02-04,2,6,2,2019,58,85,129,0,8,5,39,181,28,14,19,5,14,34,1,0,65,0,0,0,1,1,0,0,0,0,0,0,0,40,8,0,735
2019-11-09,7,45,11,2019,52,77,133,2,4,5,42,166,18,29,29,4,25,27,1,1,47,1,0,1,1,0,2,0,0,0,0,0,0,39,4,0,710
2019-05-27,2,22,5,2019,33,88,158,8,4,1,60,169,24,28,21,6,22,25,0,0,51,1,0,0,2,0,1,0,3,0,0,0,0,37,5,0,747
2019-06-24,2,26,6,2019,64,100,154,2,3,6,58,186,20,21,27,1,20,25,1,0,68,0,0,1,1,0,0,1,0,0,0,0,0,41,10,0,810
2019-09-10,3,37,9,2019,44,62,142,3,6,5,53,188,15,25,15,6,16,33,1,0,64,2,0,0,1,1,1,0,1,0,0,0,0,31,6,0,721
2019-10-25,6,43,10,2019,57,66,140,4,2,3,38,217,18,30,22,2,21,24,1,1,50,1,5,0,0,0,1,0,0,0,0,0,0,44,3,0,750
2019-08-30,6,35,8,2019,50,79,137,4,8,4,43,173,24,30,28,4,20,18,0,2,61,1,3,0,0,1,2,0,0,0,0,0,0,66,6,0,764
2019-09-17,3,38,9,2019,62,82,146,4,8,4,42,171,21,21,29,7,25,34,0,0,71,0,1,0,1,0,0,0,0,0,0,0,0,40,7,0,776
2019-07-19,6,29,7,2019,64,75,161,8,4,2,44,190,22,28,33,4,20,30,0,0,60,1,5,0,0,0,1,0,1,0,0,0,0,43,5,0,801
2019-08-19,2,34,8,2019,75,82,128,4,6,3,50,171,19,28,40,5,23,26,1,0,68,1,5,0,0,0,0,0,0,1,0,0,0,48,3,0,787
2019-11-06,4,45,11,2019,65,58,117,2,10,2,38,139,21,21,27,2,8,34,0,0,58,1,7,0,2,2,2,0,1,0,0,0,0,40,4,0,661
2019-01-02,4,1,1,2019,62,61,105,3,0,3,44,152,16,23,30,2,20,33,0,0,43,0,0,0,1,0,1,0,1,0,0,0,0,49,5,0,654
2019-01-21,2,4,1,2019,37,55,78,5,2,3,49,136,17,24,23,2,10,22,1,0,42,0,0,0,0,0,1,0,1,0,0,0,0,42,5,0,555
2020-03-25,4,13,3,2020,33,63,94,1,0,4,30,70,11,12,19,2,17,19,0,0,49,1,0,0,0,0,3,0,0,0,0,0,0,8,2,0,438
2019-03-10,1,10,3,2019,30,75,140,1,5,1,45,118,15,14,24,5,13,18,0,1,53,1,0,0,1,1,1,0,0,0,0,0,0,43,7,0,612
2019-03-09,7,10,3,2019,29,68,146,5,3,2,44,126,14,19,21,1,16,20,0,0,43,0,1,0,2,0,0,0,0,0,0,0,0,52,5,0,617
2019-03-15,6,11,3,2019,55,73,136,4,6,4,45,163,14,10,37,5,22,31,0,2,68,1,0,0,1,0,3,0,0,0,0,0,0,53,2,0,735
2019-05-14,3,20,5,2019,45,78,146,6,9,5,46,166,21,19,22,5,21,21,0,0,58,3,0,1,0,0,1,0,3,0,0,0,0,40,3,0,719
2020-08-14,6,33,8,2020,35,54,123,0,6,1,33,128,7,25,39,4,40,24,1,3,70,4,0,0,2,1,2,0,0,0,0,0,0,31,7,0,640
2019-06-06,5,23,6,2019,65,65,147,3,8,4,51,184,27,21,22,6,4,32,1,0,58,1,0,0,1,0,1,0,0,0,0,0,0,38,2,0,741
2019-07-13,7,28,7,2019,40,114,197,9,7,9,43,181,28,30,30,3,29,38,0,5,59,7,12,0,2,3,2,0,2,0,0,0,0,36,6,0,892
2019-09-23,2,39,9,2019,45,92,130,5,6,5,47,194,30,25,27,6,10,30,0,0,68,0,1,0,1,1,0,0,0,0,0,0,0,33,10,0,766
2019-09-11,4,37,9,2019,56,78,146,3,8,5,45,170,19,19,17,4,31,30,1,1,53,2,0,0,1,0,0,1,1,0,0,0,0,56,2,0,749
2019-12-12,5,50,12,2019,53,78,102,4,3,1,39,199,14,18,22,3,3,33,0,0,52,1,0,0,1,0,2,0,0,0,0,0,0,26,2,0,656
2019-09-29,1,39,9,2019,33,92,163,3,4,6,42,174,19,25,24,4,17,14,0,0,54,0,0,1,1,0,0,0,1,0,0,0,0,31,4,0,712
2019-10-14,2,42,10,2019,38,68,109,5,4,1,50,174,19,26,18,10,19,31,0,0,55,1,0,2,2,0,2,0,0,0,0,0,0,41,9,0,684
2020-08-11,3,33,8,2020,36,57,114,2,3,4,43,117,7,33,38,2,25,32,2,0,57,1,0,0,2,0,1,0,0,0,0,0,0,15,2,0,593
2019-10-21,2,43,10,2019,51,83,139,1,6,6,43,164,15,33,22,2,13,37,0,0,54,2,1,1,1,0,0,1,1,0,0,0,0,29,6,0,711
2019-05-09,5,19,5,2019,56,59,138,8,6,2,48,161,28,17,24,3,15,27,0,0,82,1,10,0,0,1,0,0,1,0,0,0,0,48,2,0,737
2020-04-04,7,14,4,2020,42,69,95,0,1,0,20,75,9,23,17,1,23,13,0,0,49,1,0,0,1,0,1,0,0,0,0,0,0,5,2,0,447
2019-05-22,4,21,5,2019,51,85,155,3,13,4,58,150,25,31,28,5,10,28,1,0,76,1,1,0,0,0,0,0,0,0,0,0,0,41,6,0,772
2020-04-09,5,15,4,2020,25,52,100,1,2,3,31,92,7,17,15,1,14,19,1,0,37,2,0,0,1,0,0,0,0,0,0,0,0,4,2,0,426
2020-02-14,6,7,2,2020,58,51,107,1,7,3,39,157,8,20,26,3,8,17,1,0,44,1,0,0,0,0,0,0,0,0,0,0,0,28,7,0,586
2019-12-24,3,52,12,2019,30,84,116,2,3,1,25,170,11,30,21,3,15,32,0,0,47,1,0,0,1,1,1,0,0,0,0,0,0,24,5,0,623
2019-07-25,5,30,7,2019,64,88,133,1,6,5,53,208,23,33,28,0,19,22,0,1,56,2,10,0,0,0,1,0,1,0,0,0,0,41,4,0,799
2019-08-21,4,34,8,2019,58,75,111,9,0,4,39,198,22,26,26,3,15,27,1,0,48,0,0,1,1,0,0,0,0,0,0,0,0,56,1,0,721
2019-09-28,7,39,9,2019,51,69,135,6,5,2,35,170,15,29,22,2,19,30,0,1,55,2,0,0,1,0,2,0,1,0,0,0,0,43,4,0,699
2020-05-21,5,21,5,2020,46,50,95,2,5,2,29,100,9,26,22,0,20,22,0,0,37,0,0,0,1,0,1,0,0,0,0,0,0,27,1,0,495
2020-09-01,3,36,9,2020,72,70,85,0,17,7,43,137,14,29,32,0,29,26,0,0,56,1,0,0,1,1,2,1,0,0,0,0,0,18,8,0,649
2020-05-31,1,22,5,2020,22,343,139,2,6,2,19,132,19,81,93,309,49,581,0,0,43,19,0,0,0,0,28,0,1,0,0,0,0,5,4,0,1897
2020-06-10,4,24,6,2020,39,67,112,3,4,3,28,96,10,12,17,2,24,16,1,0,50,1,0,1,0,0,1,2,0,0,0,0,0,9,1,0,499
2020-09-17,5,38,9,2020,43,58,107,1,9,3,34,101,10,18,26,2,22,20,3,1,57,1,4,0,0,0,0,0,0,0,0,0,0,11,1,0,532
2021-01-08,6,1,1,2021,80,73,83,3,5,1,30,108,7,26,32,1,21,24,1,1,60,1,0,0,1,0,0,0,0,0,0,0,0,18,3,0,579
2020-07-27,2,31,7,2020,39,67,132,2,5,3,38,111,11,26,38,4,24,28,0,0,69,2,0,0,1,0,2,0,2,0,0,0,0,10,1,0,615
2021-01-22,6,3,1,2021,115,53,84,2,2,1,36,70,11,15,29,1,17,14,1,1,38,4,0,0,1,1,2,0,0,0,0,0,0,11,1,0,510
2021-01-10,1,1,1,2021,89,69,95,4,7,1,35,79,9,23,25,0,37,14,0,0,42,0,0,0,2,0,2,0,0,0,0,0,0,17,3,0,553
2021-02-09,3,6,2,2021,32,49,62,3,2,1,33,75,7,31,26,0,14,16,1,2,48,1,1,0,1,0,1,0,0,0,0,0,0,8,2,0,416
2020-10-26,2,44,10,2020,82,55,102,2,5,2,30,92,8,24,32,2,23,17,1,0,47,0,0,0,0,0,0,0,1,0,0,0,0,18,3,0,546
2020-10-13,3,42,10,2020,52,62,108,2,8,2,30,119,10,30,33,1,28,30,0,0,48,2,0,0,1,0,1,0,1,0,0,0,0,20,3,0,591
2020-11-09,2,46,11,2020,85,64,112,1,3,2,43,104,11,28,23,2,30,28,0,0,52,6,0,0,1,0,5,0,0,0,0,0,0,18,1,0,619
2020-12-06,1,49,12,2020,81,60,97,4,7,1,36,88,14,20,29,1,32,17,0,0,46,4,0,0,0,0,2,0,0,0,0,0,0,22,3,0,564
2021-02-11,5,6,2,2021,50,43,87,1,6,3,17,79,5,16,29,0,13,15,0,0,40,0,0,0,2,1,0,0,0,0,0,0,0,14,0,0,421
2021-01-12,3,2,1,2021,99,66,80,1,8,1,27,100,5,35,29,4,20,13,2,0,45,1,0,0,1,0,0,0,0,0,0,0,0,18,3,0,558
2021-02-02,3,5,2,2021,77,50,98,0,2,4,34,78,11,16,16,2,18,6,0,1,45,2,0,0,1,0,1,0,0,0,0,0,0,11,1,0,474
2019-02-07,5,6,2,2019,50,64,122,5,5,9,40,171,15,13,19,8,12,26,0,0,62,0,0,0,0,1,0,0,0,0,0,0,0,47,1,0,670
2019-05-16,5,20,5,2019,46,75,133,3,5,5,46,181,20,22,29,3,16,36,0,0,67,4,1,1,0,0,1,0,1,0,0,0,0,40,5,0,740
2019-06-19,4,25,6,2019,58,78,139,6,5,3,64,180,20,22,22,1,18,27,0,1,76,2,2,1,3,0,1,0,0,0,0,0,0,69,5,0,803
2019-12-08,1,49,12,2019,31,83,158,6,2,5,50,133,18,20,17,6,24,24,0,0,48,2,1,0,0,1,1,0,4,0,0,0,0,31,4,0,669
2019-12-15,1,50,12,2019,50,57,137,4,3,1,53,156,15,17,26,1,20,25,0,0,39,1,11,0,1,0,2,0,0,0,0,0,0,31,5,0,655
2019-08-06,3,32,8,2019,57,87,142,10,6,4,42,179,17,31,25,3,20,40,2,0,62,0,0,1,0,0,1,0,1,0,1,0,0,49,3,0,783
2020-03-24,3,13,3,2020,34,54,106,0,2,0,31,80,9,16,12,0,12,19,0,0,42,0,1,0,0,1,0,0,0,0,0,0,0,3,1,0,423
2020-01-08,4,2,1,2020,39,72,109,4,7,1,57,152,14,24,17,9,13,29,1,0,53,0,0,1,2,0,1,0,0,0,0,0,0,38,3,0,646
2020-06-05,6,23,6,2020,32,66,115,0,5,2,33,98,8,18,37,6,42,17,0,0,44,1,0,0,1,0,0,0,0,0,0,0,0,14,3,0,542
2020-09-13,1,37,9,2020,24,84,125,0,4,5,31,109,9,29,38,4,29,16,0,0,57,4,0,0,0,1,1,0,1,0,0,0,0,9,2,0,582
2020-06-11,5,24,6,2020,30,72,119,0,7,0,31,98,3,18,24,4,24,20,1,0,66,3,0,0,1,0,3,0,0,0,0,0,0,21,5,0,550
2020-02-09,1,6,2,2020,28,49,132,6,6,2,31,120,16,22,21,3,13,30,0,0,32,4,1,0,0,1,5,0,0,0,0,0,0,34,7,0,563
2020-06-25,5,26,6,2020,39,91,117,1,2,4,31,111,16,20,25,1,16,31,1,0,78,3,0,0,0,0,2,0,1,0,0,0,0,15,7,0,612
2020-06-26,6,26,6,2020,31,78,108,0,9,1,26,119,9,21,28,3,12,25,0,0,63,1,0,0,1,0,2,0,1,0,0,0,0,12,5,0,555
2020-07-08,4,28,7,2020,34,74,116,1,5,3,29,110,12,22,24,4,16,20,1,0,50,1,7,0,0,0,1,0,0,0,0,0,0,19,4,0,553
2021-01-07,5,1,1,2021,82,48,87,2,6,4,41,115,13,31,27,2,32,15,0,0,38,1,2,0,1,0,2,0,1,0,0,0,0,15,4,0,569
2020-07-14,3,29,7,2020,42,62,110,1,8,2,44,123,12,26,36,1,23,19,1,1,66,2,0,0,0,0,3,0,0,0,0,0,0,16,3,0,601
2020-09-23,4,39,9,2020,38,80,108,0,5,1,31,136,18,29,38,1,27,15,0,0,70,3,4,0,1,0,0,0,2,0,0,0,0,20,2,0,629
2020-07-25,7,30,7,2020,34,91,136,1,5,2,33,127,15,27,24,4,34,26,0,0,60,1,0,0,1,0,3,0,0,0,0,0,0,18,6,0,648
2020-07-30,5,31,7,2020,41,73,101,2,6,5,41,116,12,29,29,0,18,24,0,1,66,0,0,0,0,0,6,0,0,0,0,0,0,30,1,0,601
2020-10-22,5,43,10,2020,81,53,117,1,4,1,41,115,9,25,26,3,26,20,1,0,53,2,0,0,1,0,2,0,1,0,0,0,0,20,1,0,603
2020-09-28,2,40,9,2020,51,56,86,0,2,3,31,113,5,28,24,4,17,25,1,0,72,2,0,0,0,1,1,1,0,0,0,0,0,19,2,0,544
2020-10-28,4,44,10,2020,79,59,85,1,4,1,22,103,15,25,31,1,24,26,0,0,35,2,0,0,1,2,0,1,1,0,0,0,0,27,1,0,546
2021-03-03,4,9,3,2021,54,51,101,1,7,0,45,98,12,19,18,0,23,11,0,0,53,0,0,0,0,1,1,1,0,0,0,0,0,15,4,0,515
2021-03-02,3,9,3,2021,64,48,77,2,7,1,46,93,9,15,26,2,17,15,1,0,42,1,0,0,0,0,1,0,0,0,0,0,0,14,4,0,485
2020-01-16,5,3,1,2020,42,75,119,3,5,3,61,166,18,21,24,0,7,23,1,0,53,2,7,0,0,1,2,0,0,0,0,0,0,37,4,0,674
2020-02-23,1,8,2,2020,31,82,143,6,11,2,33,124,20,26,21,6,30,24,0,0,55,2,0,0,1,0,0,1,0,0,0,0,0,39,3,0,660
2020-06-28,1,26,6,2020,25,74,174,1,6,4,26,107,12,25,34,2,28,29,0,1,50,8,0,0,1,1,0,0,0,0,0,0,0,12,4,0,624
2020-06-29,2,27,6,2020,37,79,106,1,3,1,36,91,11,24,38,3,13,21,0,0,58,5,0,0,0,1,6,0,0,0,0,0,0,13,6,0,553
2020-07-13,2,29,7,2020,47,84,138,2,2,4,33,134,10,16,39,2,25,28,2,0,71,5,0,1,4,0,2,0,0,0,0,0,0,12,3,0,664
2020-07-20,2,30,7,2020,68,71,137,1,3,1,38,138,4,23,28,1,17,33,3,1,55,5,0,0,0,0,2,0,0,0,0,0,0,10,5,0,644
2021-02-03,4,5,2,2021,67,53,74,1,3,2,46,65,8,21,24,3,21,15,0,1,46,1,0,0,1,0,0,0,0,0,0,0,0,23,5,0,480
2020-10-20,3,43,10,2020,96,43,86,1,3,5,39,100,8,25,31,2,22,18,1,0,45,0,0,0,0,0,0,0,0,0,0,0,0,20,4,0,549
2020-11-13,6,46,11,2020,74,66,80,2,4,4,32,113,9,15,25,2,15,23,2,1,34,2,1,0,0,1,3,0,0,0,0,0,0,16,5,0,529
2020-01-01,4,1,1,2020,87,104,236,3,24,12,71,120,20,21,16,3,41,23,0,1,58,0,0,0,0,1,0,0,1,0,0,0,0,30,22,0,894
2020-11-30,2,49,11,2020,71,36,95,2,4,3,30,105,6,13,25,1,23,18,1,0,35,1,0,0,0,1,0,0,0,0,0,0,0,10,2,0,482
2020-11-22,1,47,11,2020,53,75,94,0,6,0,24,79,11,31,34,2,20,17,0,0,35,1,0,0,3,0,3,0,1,0,0,0,0,18,1,0,508
2020-11-12,5,46,11,2020,69,58,91,0,8,1,37,90,8,27,28,1,8,22,0,0,43,4,0,0,0,0,2,0,1,0,0,0,0,18,1,0,517
2020-07-23,5,30,7,2020,46,70,106,0,4,2,30,108,10,27,29,4,31,24,1,0,50,4,0,0,0,0,3,1,0,0,0,0,0,13,2,0,565
2021-03-08,2,10,3,2021,46,58,107,0,4,6,41,91,9,15,27,2,35,12,0,0,47,4,0,0,0,0,1,0,0,0,0,0,0,9,6,0,520
2021-03-12,6,10,3,2021,37,66,93,0,9,3,41,98,13,13,14,0,21,9,0,0,48,1,0,1,0,0,1,1,0,0,0,0,0,18,6,0,493
2021-03-15,2,11,3,2021,58,56,85,2,4,2,41,64,7,17,17,0,18,9,0,0,38,1,0,0,1,0,4,0,1,0,0,0,0,16,1,0,442
2020-03-19,5,12,3,2020,32,52,109,0,5,2,26,89,5,18,32,0,12,32,0,0,39,0,0,0,1,0,0,0,0,0,0,0,0,17,0,0,471
2020-03-21,7,12,3,2020,30,54,106,0,7,1,24,80,4,15,18,1,18,16,0,0,53,0,0,0,0,1,2,0,0,0,0,0,0,6,3,0,439
2019-02-01,6,5,2,2019,96,68,90,6,11,11,86,162,16,20,34,4,9,29,0,0,46,1,4,0,1,0,2,1,0,0,0,0,0,62,12,0,771
2019-06-26,4,26,6,2019,52,92,146,5,0,4,55,214,19,24,27,5,16,28,1,0,65,1,5,1,0,0,0,0,1,0,0,0,0,34,3,0,798
2020-12-19,7,51,12,2020,38,56,111,4,0,3,25,90,8,21,37,6,40,18,1,1,46,3,0,0,1,0,0,0,1,0,0,0,0,13,2,0,525
2019-01-22,3,4,1,2019,54,40,111,3,9,2,42,149,24,19,20,2,7,31,0,1,49,1,5,0,0,1,1,1,0,0,0,0,0,45,7,0,624
2019-03-05,3,10,3,2019,51,44,90,2,7,5,41,123,11,15,23,4,6,20,1,0,45,1,3,0,2,0,0,0,0,0,0,0,0,46,1,0,541
2019-03-31,1,13,3,2019,31,62,169,3,3,3,47,133,18,10,22,4,24,19,0,0,41,2,1,0,1,0,1,0,0,0,0,0,0,39,3,0,636
2019-05-06,2,19,5,2019,63,77,152,3,6,2,48,184,22,25,27,4,24,26,1,0,67,3,0,1,1,1,3,3,0,0,0,0,0,37,9,0,789
2019-11-03,1,44,11,2019,29,84,164,2,1,3,46,167,20,23,21,3,16,21,0,0,70,2,1,0,2,0,2,0,0,0,0,0,0,36,5,0,718
2019-05-25,7,21,5,2019,46,94,208,8,6,2,56,189,26,21,22,7,40,23,0,1,72,2,11,1,0,1,0,0,1,0,0,0,0,33,4,0,874
2019-06-25,3,26,6,2019,53,89,123,4,1,7,53,201,20,29,27,5,25,31,0,0,69,0,0,2,1,1,4,0,1,0,0,0,0,36,2,0,784
2019-06-30,1,26,6,2019,30,94,223,2,4,3,34,195,18,29,31,8,15,20,0,1,61,2,0,0,0,0,1,1,1,0,0,0,0,28,3,0,804
2019-11-18,2,47,11,2019,50,65,119,6,8,5,37,171,14,24,28,8,17,26,0,0,58,0,0,0,0,2,0,0,0,0,0,0,0,41,3,1,683
2019-01-23,4,4,1,2019,34,59,97,4,4,4,44,177,21,24,19,2,10,28,2,0,46,0,0,0,2,0,0,0,0,0,0,0,0,81,3,0,661
2019-08-24,7,34,8,2019,40,95,177,5,6,4,39,198,14,24,27,6,32,31,0,1,56,4,0,0,0,2,1,0,0,0,0,0,0,45,11,0,818
2020-01-02,5,1,1,2020,49,67,99,5,8,2,44,171,23,20,22,2,19,24,0,2,38,4,0,0,1,0,0,0,0,0,0,0,0,30,4,0,634
2020-09-06,1,36,9,2020,31,80,149,2,4,3,34,93,17,25,24,3,63,26,0,2,54,6,7,0,0,0,2,0,0,0,0,0,0,17,3,0,645
2020-02-05,4,6,2,2020,51,39,106,3,5,1,43,182,17,19,29,2,8,23,2,1,46,1,2,0,0,0,0,0,0,0,0,0,0,46,6,0,632
2020-12-30,4,53,12,2020,105,31,72,2,5,2,40,76,5,14,28,0,11,12,0,0,41,2,0,0,1,0,2,0,0,0,0,0,0,15,3,0,467
2020-07-04,7,27,7,2020,21,117,186,2,10,4,38,115,10,18,25,6,45,27,0,9,74,9,4,0,1,0,5,0,0,0,0,0,0,12,5,0,743
2020-07-12,1,28,7,2020,25,104,152,0,3,4,17,108,10,20,31,2,30,19,0,0,55,4,0,0,0,0,2,0,0,0,0,0,0,9,2,0,597
2020-07-16,5,29,7,2020,59,67,116,0,7,3,26,121,10,17,26,2,22,24,1,1,56,6,6,0,0,0,3,0,0,0,0,0,0,19,2,0,594
2020-10-07,4,41,10,2020,49,71,115,0,8,3,47,132,4,21,40,3,18,25,0,0,50,2,0,0,0,0,1,0,0,0,0,0,0,14,3,0,606
2020-03-08,1,10,3,2020,25,75,148,6,2,1,37,135,16,17,21,3,26,19,0,0,57,2,0,0,1,0,0,1,1,0,0,0,0,40,6,0,639
2020-08-06,5,32,8,2020,49,69,104,0,1,3,34,128,10,22,37,4,24,26,2,0,55,2,0,0,0,0,1,1,1,1,0,0,0,28,1,1,604
2021-01-21,5,3,1,2021,137,42,92,0,7,5,32,96,8,42,21,1,20,26,0,0,35,2,0,0,2,0,4,0,0,0,0,0,0,9,1,0,582
2021-02-14,1,6,2,2021,45,37,95,0,2,4,31,59,5,10,26,1,14,11,0,0,35,2,0,0,0,0,0,0,0,1,0,0,0,11,6,0,395
2021-02-07,1,5,2,2021,38,42,101,0,2,1,21,62,5,9,22,0,10,8,0,1,45,2,0,0,0,0,1,0,2,0,0,0,0,5,0,0,377
2020-10-16,6,42,10,2020,60,68,95,0,7,4,26,104,13,20,32,1,38,26,0,0,44,2,0,0,0,2,1,1,1,0,0,0,0,20,4,0,569
2020-10-21,4,43,10,2020,77,60,91,2,1,1,37,103,8,24,39,3,27,18,2,1,53,1,0,0,1,0,4,0,0,0,0,0,0,26,0,0,579
2020-11-07,7,45,11,2020,61,71,146,2,4,2,30,107,11,16,27,2,40,28,0,1,43,4,0,0,0,0,0,0,0,0,0,0,0,23,3,0,621
2020-11-18,4,47,11,2020,65,67,69,0,3,2,22,113,12,25,35,3,16,14,0,0,34,1,0,0,0,0,1,0,0,0,0,0,0,16,2,0,500
2020-12-05,7,49,12,2020,53,59,116,1,5,1,26,106,13,14,36,2,24,20,0,0,50,2,0,0,0,0,1,1,0,0,0,0,0,21,6,0,557
2019-04-16,3,16,4,2019,60,76,141,7,2,2,62,145,17,28,22,3,16,16,1,0,62,2,0,1,0,0,1,0,1,0,0,0,0,39,3,0,707
2019-06-17,2,25,6,2019,57,80,139,3,5,7,50,174,20,21,20,7,18,26,1,0,77,1,1,1,2,1,0,0,0,0,1,0,0,32,7,0,751
2019-07-08,2,28,7,2019,58,98,138,7,5,5,53,218,25,24,27,4,17,33,0,2,61,0,0,0,1,0,6,0,0,0,0,0,0,43,5,0,830
2019-12-23,2,52,12,2019,62,66,109,2,2,4,26,176,10,30,32,4,19,34,0,0,66,1,0,1,1,0,2,0,1,0,0,0,0,37,2,0,687
2019-10-20,1,42,10,2019,26,107,155,4,4,6,48,158,13,27,31,6,15,22,1,1,62,1,0,0,0,1,0,0,0,0,0,0,0,28,4,0,720
2019-01-16,4,3,1,2019,56,49,108,2,6,0,65,173,23,31,23,2,16,28,1,0,54,0,0,0,1,0,1,0,0,0,1,0,0,55,4,0,699
2019-03-25,2,13,3,2019,52,57,114,3,9,5,58,148,11,12,21,4,12,25,0,0,55,1,0,0,1,0,1,0,1,0,0,0,0,47,2,0,639
2019-10-31,5,44,10,2019,53,62,99,1,5,1,34,155,23,9,25,4,6,20,1,1,56,1,0,0,1,0,0,1,0,0,0,0,0,28,2,0,588
2020-06-24,4,26,6,2020,44,72,130,1,7,7,41,97,9,26,15,1,14,18,0,0,65,3,6,0,2,0,3,0,0,0,0,0,0,17,3,0,581
2019-06-20,5,25,6,2019,57,80,120,7,6,6,51,180,17,18,26,6,11,23,0,0,76,1,0,1,1,1,0,0,0,0,0,0,0,38,6,0,732
2020-05-01,6,18,5,2020,71,63,107,0,13,2,54,105,2,13,28,3,13,23,1,0,50,2,0,0,0,0,0,0,1,0,1,0,0,4,3,0,559
2019-12-21,7,51,12,2019,49,69,145,2,8,2,37,193,15,34,29,1,24,28,0,0,58,4,0,0,0,0,1,0,0,0,0,0,0,38,7,0,744
2019-09-30,2,40,9,2019,61,89,113,4,4,3,61,195,14,20,24,8,12,38,0,0,55,0,0,0,0,1,3,0,0,0,0,0,0,41,6,0,752
2019-11-11,2,46,11,2019,48,47,78,2,4,2,29,112,23,16,24,4,8,18,0,1,34,1,0,0,2,0,0,0,0,0,0,0,0,34,7,0,494
2020-04-14,3,16,4,2020,21,55,53,0,4,2,30,80,7,13,20,1,9,20,1,0,38,2,0,0,0,0,4,0,0,0,0,0,0,3,2,0,365
2019-12-07,7,49,12,2019,37,55,133,0,6,6,31,215,24,21,26,3,28,21,0,1,43,0,1,1,0,1,0,0,0,0,0,0,0,43,4,0,700
2020-02-01,7,5,2,2020,82,81,139,6,9,10,48,188,18,22,29,8,21,27,1,1,56,2,1,0,1,0,0,0,0,1,0,0,0,38,10,0,799
2019-08-07,4,32,8,2019,42,92,129,8,4,2,40,184,14,37,35,6,23,30,0,0,50,2,0,4,0,0,1,1,0,0,0,0,0,68,6,0,778
2019-10-04,6,40,10,2019,35,72,123,6,6,6,50,184,22,21,20,2,13,33,0,0,53,2,7,0,0,1,2,0,0,1,0,0,0,53,2,0,714
2020-12-08,3,50,12,2020,106,63,72,0,10,1,27,104,12,20,37,0,23,14,0,0,41,3,0,0,0,0,1,0,0,0,0,0,0,11,1,0,546
2019-02-26,3,9,2,2019,45,52,111,3,4,5,59,150,22,16,16,5,6,21,1,0,57,0,0,0,0,0,1,0,1,0,0,0,0,32,1,0,608
2020-04-02,5,14,4,2020,24,43,89,1,3,2,20,83,6,21,17,0,14,15,0,0,31,2,0,0,0,0,1,1,0,0,0,0,0,2,2,0,377
2019-11-08,6,45,11,2019,69,57,113,3,8,3,54,157,21,18,20,7,20,25,0,1,49,1,0,0,0,1,2,0,1,0,0,0,0,47,3,0,680
2019-11-16,7,46,11,2019,50,65,134,2,3,2,43,152,14,17,28,6,15,28,1,2,47,1,3,0,0,0,1,0,0,0,0,0,0,44,5,0,663
2019-09-15,1,37,9,2019,40,88,186,4,8,3,50,150,19,22,27,12,26,24,0,5,73,0,5,2,2,0,1,0,0,0,0,0,0,29,6,0,782
2019-02-17,1,7,2,2019,34,50,148,6,3,5,29,136,19,19,35,5,15,15,0,0,52,1,0,0,0,0,1,1,1,0,0,0,0,38,4,0,617
2019-02-22,6,8,2,2019,64,55,121,6,6,4,56,149,16,22,26,5,27,34,1,0,52,1,1,0,4,1,1,0,1,0,0,0,0,57,3,0,713
2019-03-30,7,13,3,2019,29,62,134,2,7,1,47,141,25,18,26,10,21,15,0,2,56,0,8,0,0,0,1,0,2,0,0,0,0,49,7,0,663
2019-07-07,1,27,7,2019,41,86,206,7,4,2,41,157,20,24,27,2,27,22,1,1,60,1,0,1,0,0,1,1,0,0,0,0,0,36,6,0,774
2020-04-28,3,18,4,2020,41,60,99,0,5,3,24,84,14,9,27,1,12,23,1,0,46,2,0,0,0,0,3,0,0,0,0,0,0,7,4,0,465
2019-07-18,5,29,7,2019,60,74,142,3,6,5,41,201,13,28,30,3,16,33,0,1,52,2,4,1,1,0,4,0,2,0,0,0,0,34,4,0,760
2019-01-27,1,4,1,2019,35,28,103,0,5,2,39,119,9,15,22,3,14,19,2,0,63,0,2,1,1,0,0,0,0,0,0,0,0,38,2,0,522
2019-04-08,2,15,4,2019,61,77,153,4,11,1,49,156,25,16,30,4,20,17,1,1,66,3,0,0,0,0,0,0,0,0,0,0,0,46,3,0,744
2020-04-05,1,14,4,2020,19,59,100,0,1,1,28,69,10,19,21,3,17,13,0,0,34,3,0,0,0,0,2,0,0,0,0,0,0,4,2,0,405
2020-04-01,4,14,4,2020,79,59,99,0,1,6,31,101,9,15,29,3,10,22,0,0,41,2,0,0,2,0,0,0,0,0,0,0,0,1,4,0,514
2020-12-04,6,49,12,2020,97,52,92,2,13,5,35,118,6,13,41,1,31,17,0,0,37,0,0,0,0,1,1,0,0,0,0,0,0,13,3,0,578
2019-10-22,3,43,10,2019,51,70,117,2,3,4,42,147,20,25,19,3,20,29,0,1,56,3,7,0,0,0,2,0,1,0,0,0,0,33,5,0,660
2020-04-13,2,16,4,2020,23,65,84,1,6,3,21,81,7,16,21,1,12,13,0,0,33,2,0,0,0,0,1,0,0,0,0,0,0,4,1,0,395
2019-09-14,7,37,9,2019,33,96,161,8,7,6,36,172,21,14,27,6,24,23,0,2,60,4,3,1,0,0,1,0,1,1,0,0,0,49,7,0,763
2020-08-26,4,35,8,2020,38,83,112,1,4,2,41,137,14,23,31,0,39,28,1,1,65,4,0,0,0,0,3,0,0,0,0,0,0,15,3,0,645
2019-07-29,2,31,7,2019,65,80,161,4,3,3,49,201,18,24,27,2,23,29,1,0,62,0,1,1,0,0,0,0,0,0,0,0,0,51,10,0,815
2019-02-08,6,6,2,2019,54,56,99,3,2,4,43,169,19,15,31,1,7,24,0,1,38,0,6,1,0,0,0,0,1,0,0,0,0,62,6,0,642
2019-11-19,3,47,11,2019,64,69,110,1,6,3,52,168,20,24,29,4,10,28,0,0,55,2,1,0,0,1,2,0,0,0,0,0,0,29,4,0,682
2020-04-27,2,18,4,2020,40,50,77,0,1,4,22,85,12,9,26,0,16,10,0,0,36,1,0,0,0,0,0,0,0,0,0,0,0,7,1,0,397
2019-07-24,4,30,7,2019,44,72,108,2,7,6,43,215,20,32,31,3,16,25,2,0,69,1,8,1,1,2,0,0,1,0,0,0,0,33,3,0,745
2019-01-25,6,4,1,2019,50,39,109,2,7,2,47,140,17,18,17,4,15,18,1,2,35,1,3,0,0,0,0,1,2,0,0,0,0,50,6,0,586
2019-04-23,3,17,4,2019,51,79,129,5,10,3,50,191,20,23,21,7,17,27,1,0,53,1,0,0,0,0,2,0,0,0,0,0,0,51,1,0,742
2020-08-22,7,34,8,2020,20,74,163,4,5,2,41,113,16,25,26,4,29,34,0,2,56,4,0,0,0,1,2,1,0,0,0,0,0,15,6,0,643
2019-09-06,6,36,9,2019,52,77,133,7,10,3,48,195,32,21,28,7,13,31,1,2,52,0,0,1,1,1,3,0,1,0,0,0,0,51,1,0,771
2020-08-24,2,35,8,2020,38,94,130,0,3,2,34,139,19,29,30,1,21,25,0,0,55,0,0,0,0,0,3,0,0,0,0,0,0,11,0,0,634
2019-12-22,1,51,12,2019,42,73,121,5,9,5,38,156,18,34,23,3,19,23,1,0,56,1,7,0,0,0,2,0,0,1,0,0,0,39,4,0,680
2020-09-02,4,36,9,2020,36,59,123,1,5,1,36,126,15,24,36,3,19,15,0,1,54,2,0,0,0,1,0,0,1,0,0,0,0,11,0,0,569
2020-12-26,7,52,12,2020,44,51,88,2,4,1,29,64,5,18,23,3,27,22,1,1,36,3,0,0,0,0,1,0,1,0,0,0,0,12,1,0,437
2020-05-26,3,22,5,2020,32,70,151,5,4,5,26,85,12,19,30,3,26,9,0,0,63,4,0,0,0,1,2,0,1,0,0,0,0,28,2,0,578
2020-01-25,7,4,1,2020,55,48,129,4,6,4,52,142,14,25,16,6,22,28,0,2,43,1,7,0,0,3,0,0,1,0,0,0,0,52,4,0,664
2020-02-28,6,9,2,2020,51,64,116,5,12,2,39,145,26,20,31,5,16,20,0,0,53,0,5,0,0,0,0,0,0,0,0,0,0,45,2,0,657
2020-07-02,5,27,7,2020,41,92,126,2,3,1,43,120,14,25,22,1,22,21,1,1,57,5,8,0,0,0,1,0,1,0,0,0,0,23,5,0,635
2020-07-15,4,29,7,2020,65,80,117,1,4,2,29,123,10,24,32,3,23,14,0,1,55,2,0,0,0,0,2,0,0,0,0,0,0,11,3,0,601
2020-10-09,6,41,10,2020,58,80,125,2,8,3,43,130,8,19,36,0,30,26,1,0,60,2,0,0,1,0,2,0,0,0,0,0,0,18,3,0,655
2021-01-14,5,2,1,2021,101,62,68,5,4,6,29,98,12,27,27,0,17,16,1,0,37,2,0,0,2,0,2,2,0,0,0,0,0,11,0,0,529
2021-01-20,4,3,1,2021,126,52,76,0,5,2,19,91,4,24,33,1,17,18,0,0,37,1,0,0,0,0,3,0,1,0,0,0,0,11,3,0,524
2021-01-24,1,3,1,2021,39,67,104,0,2,1,36,83,8,21,28,1,31,12,0,0,42,3,0,0,0,0,3,0,0,0,0,0,0,15,3,0,499
2020-10-23,6,43,10,2020,68,71,95,2,3,1,40,111,10,26,32,5,24,20,1,0,40,0,0,0,0,0,0,0,0,0,0,0,0,23,6,0,578
2020-10-17,7,42,10,2020,45,65,136,3,3,0,25,135,10,19,36,1,32,20,1,3,48,5,0,0,0,0,2,0,1,0,0,0,0,18,6,0,614
2020-10-27,3,44,10,2020,76,65,78,1,5,3,30,101,6,20,29,1,26,17,0,0,37,1,0,0,0,0,3,1,0,0,0,0,0,17,1,0,518
2020-11-08,1,45,11,2020,37,66,147,1,7,0,36,82,9,22,28,2,47,27,1,0,51,3,0,0,0,0,1,0,2,0,0,0,0,23,4,0,596
2019-03-03,1,9,3,2019,41,52,129,7,4,2,45,94,10,15,26,2,10,16,0,1,46,2,0,0,1,0,1,1,0,0,1,0,0,37,8,0,551
2019-03-17,1,11,3,2019,30,77,141,5,5,1,37,116,27,17,26,4,17,11,0,0,58,2,1,0,0,1,1,0,0,0,0,0,0,26,8,0,611
2020-04-07,3,15,4,2020,21,58,116,2,4,1,27,83,2,14,23,4,27,24,1,0,37,8,0,0,0,0,0,0,0,0,0,0,0,1,1,0,454
2020-08-19,4,34,8,2020,37,74,114,1,1,2,40,140,6,31,36,1,31,27,0,0,64,0,1,0,0,0,5,1,0,0,0,0,0,11,4,0,627
2019-12-19,5,51,12,2019,64,46,116,7,6,7,35,202,18,17,33,1,8,32,0,0,54,1,9,0,1,1,0,0,0,0,0,0,0,22,3,0,683
2019-10-10,5,41,10,2019,53,74,104,2,10,3,47,144,21,17,24,3,14,29,0,0,48,1,0,0,0,0,1,1,0,0,0,0,0,46,3,0,645
2019-12-29,1,52,12,2019,32,74,156,4,7,1,39,158,24,41,17,2,16,18,0,1,43,3,0,0,0,0,3,0,0,0,0,0,0,46,4,0,689
2019-01-09,4,2,1,2019,58,48,100,1,4,0,39,168,18,19,21,3,18,22,0,0,49,0,0,0,1,0,2,0,0,0,0,0,0,55,4,0,630
2019-02-18,2,8,2,2019,31,66,110,4,9,2,45,153,14,12,25,3,17,21,0,0,39,0,0,0,0,0,0,0,1,0,0,0,0,33,5,0,590
2019-11-10,1,45,11,2019,39,80,155,4,3,2,36,116,29,33,30,6,19,17,0,0,41,2,0,0,0,0,0,0,1,0,0,0,0,33,5,0,651
2020-04-17,6,16,4,2020,45,52,76,0,7,0,24,83,13,23,21,1,14,15,0,0,38,0,1,0,2,0,1,0,0,0,0,0,0,8,1,0,425
2020-04-19,1,16,4,2020,19,48,86,1,2,1,23,59,5,9,11,2,15,15,0,0,35,4,0,0,0,0,1,0,0,0,0,0,0,4,0,0,340
2019-07-26,6,30,7,2019,56,78,136,7,8,2,48,207,14,25,29,7,17,31,0,3,67,2,9,0,1,1,0,0,2,0,0,0,0,63,3,0,816
2019-12-18,4,51,12,2019,50,46,131,3,6,1,39,189,17,26,30,4,9,24,0,0,28,0,0,0,1,0,2,0,0,0,0,0,0,44,2,0,652
2019-12-31,3,1,12,2019,40,50,120,4,2,2,39,120,9,26,20,2,24,22,0,0,29,0,0,0,0,1,0,0,1,0,0,0,0,32,3,0,546
2020-12-03,5,49,12,2020,68,46,58,3,7,3,23,103,3,17,32,1,27,11,0,0,37,2,0,0,0,0,1,0,0,0,0,0,0,25,4,0,471
2020-01-21,3,4,1,2020,43,47,95,3,4,4,52,147,20,22,23,1,9,23,0,0,44,1,2,0,0,0,0,1,1,0,0,0,0,39,4,0,585
2019-05-08,4,19,5,2019,45,66,168,5,12,5,61,166,22,18,27,5,15,29,1,0,66,1,1,0,1,1,1,0,0,0,0,0,0,40,3,0,759
2020-03-17,3,12,3,2020,49,64,112,3,5,1,43,116,17,21,21,5,20,14,0,0,48,0,0,2,0,1,2,0,0,1,0,0,0,29,2,0,576
2019-05-24,6,21,5,2019,65,77,160,5,6,2,62,201,17,13,33,5,32,29,1,1,75,1,8,0,0,0,0,0,4,1,0,0,0,47,2,0,847
2019-07-09,3,28,7,2019,60,72,139,6,2,6,39,157,23,26,36,3,15,35,1,1,66,1,0,1,1,0,2,0,1,1,0,0,0,47,2,0,743
2019-01-30,4,5,1,2019,28,25,83,1,1,4,36,61,6,10,25,0,4,15,0,0,26,0,0,0,1,0,0,0,2,0,0,0,0,9,4,0,341
2020-04-15,4,16,4,2020,56,43,84,1,5,0,21,94,7,6,20,0,10,17,0,0,31,0,0,0,1,0,2,0,0,0,0,0,0,10,3,0,411
2019-02-12,3,7,2,2019,55,61,116,5,4,1,44,158,20,16,25,3,11,28,1,0,62,0,1,0,1,0,1,0,0,0,0,0,0,48,4,0,665
2019-02-14,5,7,2,2019,55,56,154,1,6,1,68,167,17,22,24,4,18,24,0,1,69,2,0,0,1,1,2,0,0,0,0,0,0,46,3,0,742
2019-05-02,5,18,5,2019,57,77,120,5,5,6,42,168,25,20,24,8,15,25,0,0,54,1,0,0,3,2,0,0,0,0,0,0,0,36,5,0,698
2020-05-05,3,19,5,2020,46,64,75,1,5,1,28,87,7,17,23,1,13,13,0,0,31,3,0,0,0,0,1,0,0,0,0,0,0,16,4,0,436
2020-05-06,4,19,5,2020,34,62,82,0,4,2,28,108,8,12,30,1,18,16,0,0,37,3,0,0,0,0,0,0,0,0,0,0,0,14,4,0,463
2019-10-16,4,42,10,2019,77,72,122,5,5,5,52,191,14,25,26,4,15,30,1,0,50,0,1,0,0,0,1,0,1,0,0,0,0,40,3,0,740
2019-04-09,3,15,4,2019,50,75,140,7,9,3,36,146,20,17,19,5,13,23,0,0,65,1,8,0,0,1,1,0,0,0,0,0,0,50,4,0,693
2019-06-15,7,24,6,2019,64,102,173,6,6,1,46,178,27,18,37,6,20,22,0,0,70,3,3,1,1,0,2,0,0,0,0,0,0,38,6,0,830
2020-11-10,3,46,11,2020,94,59,99,0,1,5,35,117,9,31,36,3,21,17,1,0,43,1,0,0,1,0,2,0,1,0,0,0,0,16,2,0,594
2019-06-07,6,23,6,2019,53,82,168,6,8,3,57,185,15,23,25,8,31,26,0,3,63,1,2,0,1,0,0,0,0,0,0,0,0,59,4,0,823
2020-08-29,7,35,8,2020,31,67,148,2,2,4,36,131,10,14,27,6,44,29,0,2,62,3,0,0,1,1,3,0,1,0,0,0,0,16,5,0,645
2019-01-03,5,1,1,2019,66,82,112,2,2,2,49,196,20,32,24,3,13,37,1,0,52,2,3,0,0,0,0,0,0,0,0,0,0,53,1,0,752
2019-01-11,6,2,1,2019,61,74,117,2,8,4,58,201,24,27,27,8,14,38,1,2,45,4,0,0,2,0,1,0,0,0,0,0,0,65,1,0,784
2019-09-20,6,38,9,2019,63,71,150,7,7,9,49,219,21,21,28,9,21,21,0,4,58,0,0,1,0,1,1,0,1,0,0,0,0,49,2,1,814
2019-03-08,6,10,3,2019,61,74,132,3,7,5,38,138,18,28,31,7,21,30,2,0,53,2,0,0,3,2,0,0,1,0,0,0,0,58,3,0,717
2019-12-27,6,52,12,2019,57,68,102,6,3,4,54,186,14,18,35,3,8,35,1,0,34,2,5,0,0,0,0,0,0,0,0,0,0,55,1,0,691
2019-10-09,4,41,10,2019,57,83,117,3,5,6,50,169,26,27,13,8,21,24,2,0,56,1,2,1,1,1,0,0,0,0,0,0,0,51,7,0,731
2020-05-16,7,20,5,2020,27,83,146,2,4,0,28,87,8,22,25,4,30,19,0,1,65,4,0,0,0,0,1,0,0,0,0,0,0,18,2,0,576
2020-12-20,1,51,12,2020,87,66,95,1,5,2,21,73,7,21,39,3,31,19,0,0,44,3,0,0,0,0,3,0,0,0,0,0,0,15,2,0,537
2020-01-17,6,3,1,2020,39,56,102,3,6,3,29,153,16,20,28,3,12,17,0,0,44,1,1,0,1,0,0,1,0,0,0,0,0,41,5,0,581
2020-02-12,4,7,2,2020,49,53,83,6,5,7,48,163,19,22,16,2,11,31,0,0,66,1,4,0,0,0,1,0,0,0,0,0,0,37,3,0,627
2020-02-18,3,8,2,2020,55,59,136,4,10,3,41,171,20,16,20,3,8,24,0,1,52,0,0,0,0,0,1,0,0,0,0,0,0,39,3,0,666
2020-12-31,5,53,12,2020,86,73,106,0,3,2,29,73,9,12,33,2,39,23,0,1,36,1,0,0,1,0,1,0,0,0,0,0,0,12,5,0,547
2020-06-22,2,26,6,2020,34,108,158,1,11,0,43,126,10,22,23,1,19,18,3,0,69,6,0,0,1,0,0,0,1,0,0,0,0,9,5,0,668
2020-07-09,5,28,7,2020,37,76,119,2,4,1,28,106,6,21,26,2,21,26,0,0,55,4,0,0,1,1,3,0,3,0,0,0,0,14,0,0,556
2020-07-21,3,30,7,2020,67,86,120,2,4,4,32,109,13,28,34,1,16,20,1,1,59,5,6,0,0,0,2,0,1,0,1,0,0,17,2,0,631
2020-07-22,4,30,7,2020,50,69,102,2,5,3,39,111,11,25,31,4,27,18,1,1,66,2,13,0,1,2,2,0,0,0,0,0,0,22,4,0,611
2021-02-16,3,7,2,2021,41,30,74,1,4,2,33,43,6,20,12,1,4,6,1,0,47,2,0,0,2,0,0,1,1,0,0,0,0,12,2,0,345
2021-02-18,5,7,2,2021,49,52,73,0,3,2,33,66,11,13,24,1,13,15,0,0,49,1,0,0,1,0,0,0,0,0,0,0,0,6,2,0,414
2020-11-03,3,45,11,2020,94,72,103,3,2,5,36,100,17,29,33,5,23,22,0,0,51,2,0,0,0,0,2,0,2,0,0,0,0,13,1,0,615
2020-11-21,7,47,11,2020,26,66,90,3,4,3,31,101,10,33,41,2,31,24,0,0,45,3,0,1,0,1,1,0,0,0,0,0,0,12,5,0,533
2021-03-01,2,9,3,2021,78,59,76,2,6,2,42,79,8,21,28,5,21,15,2,0,38,1,0,0,0,2,1,1,0,0,0,0,0,19,1,0,507
2020-04-10,6,15,4,2020,42,52,64,1,7,4,24,81,8,11,23,0,18,23,0,0,48,4,0,0,0,0,1,1,0,0,0,0,0,10,3,0,425
2019-08-25,1,34,8,2019,34,89,206,2,5,5,37,157,11,29,24,2,26,22,1,0,64,3,0,0,2,0,1,0,0,0,1,0,0,43,2,0,766
2019-08-31,7,35,8,2019,42,76,151,6,3,2,38,200,30,18,32,3,30,25,2,2,51,5,0,1,0,1,1,1,2,0,0,0,0,47,6,0,775
2020-05-28,5,22,5,2020,25,63,135,1,2,4,23,101,10,21,21,4,23,18,0,0,71,2,0,0,0,2,1,0,1,0,0,0,0,19,3,0,550
2019-01-12,7,2,1,2019,48,54,124,3,7,1,50,165,11,17,21,1,14,26,0,1,55,1,8,0,1,0,2,0,0,0,0,0,0,48,14,0,672
2019-03-14,5,11,3,2019,62,64,124,3,4,4,51,135,19,10,28,5,19,28,0,1,62,3,1,0,1,1,3,0,2,0,0,0,0,44,0,0,674
2020-08-13,5,33,8,2020,40,75,127,4,3,2,34,118,9,28,35,1,35,25,0,3,59,2,0,0,3,0,0,0,0,0,0,0,0,38,5,0,646
2019-08-08,5,32,8,2019,69,66,148,4,6,3,56,227,24,20,28,10,22,35,0,1,51,0,0,1,0,0,0,0,1,0,0,0,0,44,2,0,818
2019-07-12,6,28,7,2019,65,82,146,2,2,4,52,185,18,20,34,6,16,31,0,1,57,3,4,2,1,0,0,0,0,0,0,0,0,51,5,0,787
2020-11-29,1,48,11,2020,51,69,115,0,1,3,32,75,9,34,27,0,29,13,1,0,34,4,0,0,1,0,2,0,0,1,0,0,0,21,6,0,528
2020-05-27,4,22,5,2020,32,67,121,1,4,2,40,98,16,28,23,3,25,17,0,0,57,2,0,0,1,0,2,0,0,0,0,0,0,30,2,0,571
2020-02-15,7,7,2,2020,34,73,123,2,8,2,41,142,18,17,25,1,15,14,1,1,42,0,0,0,0,0,2,0,0,0,0,0,0,27,4,0,592
2020-02-20,5,8,2,2020,49,53,89,6,6,3,61,152,10,22,27,1,16,14,0,0,36,1,3,0,2,0,2,0,1,0,0,0,0,42,4,0,600
2020-07-11,7,28,7,2020,28,81,165,2,6,2,23,124,9,18,26,4,30,27,1,0,57,6,0,0,1,0,1,0,1,0,0,0,0,8,7,0,627
2021-01-27,4,4,1,2021,121,41,68,1,2,2,33,95,4,17,21,0,14,8,0,0,54,1,0,0,0,0,1,1,1,0,0,0,0,18,2,0,505
2021-02-23,3,8,2,2021,56,70,95,1,4,1,41,96,5,21,23,0,18,16,0,1,52,0,0,0,0,0,2,1,3,0,0,0,0,19,3,0,528
2020-10-25,1,43,10,2020,101,75,123,2,6,3,31,95,15,23,30,3,33,17,0,0,56,2,1,1,4,2,4,0,0,0,0,0,0,17,1,0,645
2020-11-17,3,47,11,2020,64,45,76,1,4,1,33,107,4,20,25,0,17,15,1,0,54,0,0,0,1,2,0,0,0,0,0,1,0,26,0,0,497
2020-12-01,3,49,12,2020,113,38,83,1,5,3,33,122,6,20,29,0,20,19,1,0,39,0,0,0,0,0,2,0,0,0,0,0,0,15,3,0,552
2021-03-19,6,11,3,2021,44,70,91,2,7,2,25,91,6,15,30,2,22,10,0,1,43,1,0,0,0,0,1,0,0,0,0,0,0,11,3,0,477
2021-03-21,1,11,3,2021,20,81,120,2,7,1,40,76,7,16,21,2,38,16,0,0,51,2,0,0,1,0,1,0,1,0,0,0,0,13,3,0,519
2019-10-11,6,41,10,2019,59,77,114,4,3,4,50,188,20,14,20,6,20,30,1,1,66,0,1,0,0,0,0,0,1,0,0,0,0,44,5,0,728
2019-04-12,6,15,4,2019,69,85,105,4,10,2,52,175,33,18,33,4,16,26,0,1,73,0,7,0,1,1,1,0,0,0,0,0,0,59,3,0,778
2020-09-10,5,37,9,2020,26,59,91,2,8,0,42,143,9,31,35,2,20,23,0,1,52,1,0,0,0,0,1,1,0,0,0,0,0,17,1,0,565
2020-06-27,7,26,6,2020,34,89,143,0,7,5,27,103,10,24,24,3,23,12,2,0,54,6,0,0,1,0,3,0,0,0,0,0,0,6,4,0,580
2020-07-05,1,27,7,2020,26,98,185,1,4,3,35,92,8,28,38,7,46,24,1,0,76,6,9,0,0,0,1,0,1,0,0,0,0,24,7,0,720
2020-07-17,6,29,7,2020,63,84,142,0,5,3,27,113,11,35,26,1,19,35,0,0,57,4,15,0,0,0,2,0,0,0,0,0,0,13,2,0,657
2020-08-02,1,31,8,2020,25,92,103,2,6,3,32,96,8,26,42,0,28,18,0,0,58,4,0,0,1,1,0,0,1,0,0,0,0,16,4,0,566
2021-01-18,2,3,1,2021,37,71,68,0,7,1,40,85,10,31,34,3,15,17,0,0,33,1,0,0,0,0,0,0,1,0,0,0,0,12,4,0,470
2020-10-18,1,42,10,2020,81,58,114,2,5,3,31,84,8,25,27,3,19,24,0,0,43,4,0,0,0,0,3,0,1,0,0,0,0,21,2,0,558
2020-11-06,6,45,11,2020,90,71,117,3,4,2,36,126,7,30,36,2,32,26,0,0,56,3,0,0,0,0,1,0,0,0,0,0,0,22,1,0,665
2020-11-01,1,44,11,2020,84,81,136,2,5,5,37,100,10,28,34,1,31,21,0,0,54,0,0,0,1,0,3,0,0,0,0,0,0,13,8,0,654
2020-01-10,6,2,1,2020,54,42,112,3,11,2,33,162,23,20,29,2,10,28,0,3,43,3,1,0,0,0,1,0,0,0,0,0,0,37,4,0,623
2020-01-14,3,3,1,2020,55,49,105,3,6,7,55,170,26,16,22,5,12,22,1,1,55,2,0,0,0,0,1,0,0,0,0,0,0,46,3,0,662
2020-05-25,2,22,5,2020,19,82,177,2,9,2,34,89,14,19,22,2,58,18,0,0,68,2,0,0,1,3,2,0,1,0,0,0,0,16,2,0,642
2020-02-03,2,6,2,2020,50,81,118,2,11,3,45,180,27,25,26,1,23,31,0,0,55,1,0,0,2,0,1,0,1,0,0,0,0,55,5,0,743
2020-02-07,6,6,2,2020,60,58,119,5,7,4,54,163,23,23,16,2,17,22,0,1,58,2,0,0,0,0,2,0,1,0,0,0,0,51,5,0,693
2020-02-19,4,8,2,2020,45,46,105,6,9,4,31,130,21,27,24,1,19,28,0,0,49,1,0,0,0,0,2,0,0,0,0,0,0,31,2,0,581
2020-02-21,6,8,2,2020,37,60,103,8,9,4,40,157,14,34,19,3,16,27,0,1,56,2,3,0,2,2,1,0,1,0,0,0,0,55,4,0,658
2020-06-07,1,23,6,2020,33,77,134,1,6,4,31,76,10,14,37,3,34,17,0,0,57,4,0,1,0,0,1,0,1,0,0,0,0,9,3,0,553
2020-07-10,6,28,7,2020,52,89,132,3,10,3,30,117,9,17,31,1,29,26,0,0,81,6,0,0,0,1,1,0,0,0,0,0,0,28,4,0,670
2020-10-03,7,40,10,2020,35,88,122,2,4,1,41,114,15,21,45,3,28,15,2,0,52,0,0,0,1,0,1,0,0,0,0,0,0,10,3,0,603
2020-07-24,6,30,7,2020,53,62,133,2,3,4,41,118,10,26,38,3,22,31,1,0,51,2,0,0,2,0,2,0,1,0,0,0,0,17,1,0,623
2021-01-28,5,4,1,2021,95,42,68,1,4,5,24,84,7,27,20,1,14,9,0,0,36,2,0,0,0,0,1,0,1,1,0,0,0,19,2,0,463
2021-02-04,5,5,2,2021,57,34,81,0,4,0,27,72,5,21,20,3,15,13,1,0,52,0,0,0,1,0,2,0,1,0,1,0,0,8,2,0,420
2020-02-02,1,5,2,2020,31,80,175,3,3,0,37,144,8,27,20,3,17,20,1,1,50,2,1,0,0,0,2,1,0,0,0,0,0,35,2,0,663
2021-03-09,3,10,3,2021,53,69,114,0,4,0,36,87,11,20,23,2,39,13,0,1,55,0,0,0,0,0,5,0,1,0,0,0,0,23,5,0,561
2021-03-07,1,9,3,2021,36,62,126,1,5,2,31,58,10,17,29,1,28,13,1,0,43,1,0,0,0,1,1,0,0,0,0,0,0,12,8,0,486
2019-01-26,7,4,1,2019,31,57,106,5,6,1,37,117,13,14,31,1,11,19,0,2,34,0,0,0,1,0,0,0,0,0,0,0,0,40,5,0,531
2019-11-30,7,48,11,2019,43,70,121,3,3,2,29,197,17,27,21,3,22,20,0,2,33,2,0,0,0,1,2,0,1,0,0,0,0,40,4,0,663
2019-12-16,2,51,12,2019,44,59,117,5,4,4,41,161,17,22,19,3,15,33,1,0,49,0,0,0,0,1,0,0,0,0,0,0,0,25,4,0,624
2019-09-26,5,39,9,2019,56,68,137,4,3,3,52,169,12,25,18,5,28,29,1,1,53,2,5,0,0,1,0,0,2,0,0,0,0,34,2,0,710
2019-11-01,6,44,11,2019,114,84,128,4,19,12,56,195,27,23,21,4,14,33,0,2,53,0,0,0,0,1,1,1,1,0,0,0,0,42,4,0,839
2020-01-31,6,5,1,2020,61,66,128,8,8,2,45,165,22,29,22,6,15,24,0,0,48,0,0,0,1,0,0,0,1,0,0,0,0,53,4,0,708
2020-07-28,3,31,7,2020,37,75,116,2,2,3,49,126,14,28,32,1,30,19,0,0,61,3,0,0,2,0,4,0,0,0,0,0,0,13,4,0,621
2020-08-01,7,31,8,2020,62,79,122,1,13,5,48,117,14,21,30,2,27,24,1,3,70,6,0,0,0,0,2,0,0,0,0,0,0,19,6,0,672
2020-10-15,5,42,10,2020,73,69,103,3,8,6,45,125,10,29,40,1,32,17,1,0,50,5,0,0,0,0,0,0,0,0,0,0,0,21,4,0,642
2021-02-17,4,7,2,2021,69,36,66,0,2,1,32,59,7,22,22,0,16,13,0,0,46,1,0,0,1,0,2,0,0,0,0,0,0,7,4,0,406
2021-02-28,1,8,2,2021,45,67,115,1,2,4,36,81,12,14,23,1,29,29,0,1,52,5,0,0,0,0,2,1,0,0,0,0,0,17,8,0,545
2021-03-22,2,12,3,2021,49,66,126,2,7,3,43,95,15,14,23,3,27,19,0,0,50,3,0,0,0,0,1,0,1,0,0,0,0,14,1,0,562
2020-04-22,4,17,4,2020,45,48,82,2,4,1,22,102,9,13,24,3,16,14,0,0,35,0,0,0,0,0,0,0,0,0,0,0,0,11,0,0,431
2019-07-31,4,31,7,2019,62,71,123,7,5,3,34,198,10,26,26,5,21,31,2,0,48,1,0,0,0,0,2,0,0,0,0,0,0,31,7,0,713
2020-01-23,5,4,1,2020,43,37,105,4,6,4,38,137,25,31,12,5,9,25,0,0,48,1,1,0,0,0,0,0,0,0,0,0,0,58,3,0,592
2020-05-30,7,22,5,2020,11,183,155,2,1,2,26,113,5,32,37,42,18,215,0,0,50,8,0,0,0,0,17,0,0,0,0,0,0,4,2,0,923
2020-09-20,1,38,9,2020,36,76,153,0,4,3,40,103,10,20,28,2,25,17,0,0,58,3,0,0,0,1,0,0,0,0,0,0,0,13,1,0,593
2020-09-30,4,40,9,2020,44,60,118,2,6,1,31,106,20,24,28,3,21,18,1,1,55,2,2,0,2,1,7,0,0,0,0,0,0,18,5,0,576
2021-01-02,7,53,1,2021,50,40,84,1,3,1,33,77,8,14,23,0,31,16,0,1,34,1,0,0,1,0,1,0,0,0,0,0,0,20,2,0,441
2020-03-04,4,10,3,2020,53,57,109,3,8,3,51,144,17,23,13,2,6,17,0,1,68,0,1,1,1,2,1,0,0,0,0,0,0,42,1,0,624
2020-09-22,3,39,9,2020,49,56,97,1,3,0,32,100,10,22,30,2,26,30,1,0,50,3,0,1,0,0,2,0,0,0,0,0,0,21,6,0,542
2020-03-06,6,10,3,2020,56,66,137,4,9,3,52,153,18,21,32,6,20,23,0,1,54,1,0,0,1,0,1,0,1,0,0,0,0,42,5,0,706
2020-11-02,2,45,11,2020,120,57,87,1,6,1,35,87,11,28,38,1,22,31,1,0,44,1,0,1,1,1,0,1,2,0,0,0,0,15,2,0,594
2021-03-16,3,11,3,2021,64,48,88,0,4,0,37,73,9,13,24,4,14,5,1,0,48,0,1,0,1,0,1,2,0,0,0,0,0,17,1,0,455
2021-03-25,5,12,3,2021,27,47,87,1,4,1,34,76,4,20,31,0,14,11,0,0,36,2,0,0,0,0,1,1,1,0,0,0,0,12,4,0,414
2021-03-27,7,12,3,2021,21,54,122,1,5,3,29,58,6,17,26,0,38,13,0,1,51,0,0,0,2,0,2,0,0,0,0,0,0,9,3,0,461
2020-12-28,2,53,12,2020,81,61,85,1,4,2,35,86,8,22,32,3,20,26,0,0,32,3,0,0,2,0,0,0,0,0,0,0,0,18,1,0,522
2020-01-28,3,5,1,2020,47,53,121,5,11,0,48,158,19,39,18,5,18,31,0,0,46,3,0,0,1,3,0,0,0,0,0,0,0,49,5,0,680
2020-06-23,3,26,6,2020,39,72,128,1,2,3,38,121,13,21,28,3,19,21,0,0,47,2,0,0,0,1,2,0,1,0,0,0,0,10,3,0,575
2020-07-03,6,27,7,2020,37,90,131,1,10,1,55,143,5,25,33,0,34,32,1,6,58,1,2,0,0,0,0,0,1,0,0,0,0,15,2,0,683
2020-03-07,7,10,3,2020,36,65,136,5,4,1,36,121,15,26,15,4,22,20,0,1,44,0,4,0,0,0,2,0,0,0,0,0,0,24,7,0,588
2020-03-10,3,11,3,2020,38,48,106,5,7,2,45,129,14,9,25,1,15,14,0,1,49,1,4,0,2,0,0,0,1,0,0,0,0,43,5,0,564
2021-01-13,4,2,1,2021,89,59,78,0,7,3,32,83,10,24,24,2,20,18,0,0,44,1,0,0,0,0,0,1,0,0,0,0,0,10,3,0,508
2021-02-08,2,6,2,2021,49,41,71,1,7,2,34,66,7,17,28,1,12,9,0,0,38,4,0,0,0,0,0,0,0,0,0,0,0,11,3,0,401
2021-02-15,2,7,2,2021,28,42,80,0,2,1,26,38,7,15,16,0,6,5,0,0,34,1,0,0,1,0,1,0,2,0,0,0,0,6,4,0,315
2021-01-19,3,3,1,2021,66,56,92,1,8,3,35,89,11,32,27,2,16,10,3,0,44,1,0,0,0,0,1,1,0,0,0,0,0,13,3,0,514
2020-11-25,4,48,11,2020,54,54,82,0,7,1,27,96,4,22,28,2,21,17,0,0,41,0,0,0,1,0,1,0,0,0,0,0,0,18,4,0,480
2021-02-19,6,7,2,2021,51,55,86,1,8,3,24,84,9,13,21,0,23,10,0,2,48,0,0,0,0,0,2,0,1,0,0,0,0,8,6,0,455
2021-03-04,5,9,3,2021,59,58,84,1,4,1,33,104,10,15,39,4,20,12,0,0,29,1,0,0,1,0,2,0,1,0,0,0,0,21,4,0,503
2021-03-24,4,12,3,2021,33,55,85,1,2,2,32,81,5,19,18,0,20,12,0,0,59,2,0,0,2,0,1,0,0,0,0,0,0,16,5,0,450
2021-03-26,6,12,3,2021,27,57,91,0,7,1,38,76,8,26,37,0,20,3,0,0,54,3,0,0,0,0,1,0,0,0,0,0,0,13,2,0,464
2019-10-15,3,42,10,2019,73,69,110,1,9,3,46,194,20,20,26,4,15,35,0,0,66,2,0,1,0,0,4,1,0,0,0,0,0,37,3,0,739
2019-04-27,7,17,4,2019,27,88,136,2,5,3,42,137,14,20,30,3,23,19,0,1,42,2,0,0,0,1,0,0,1,0,0,0,0,29,4,0,629
2019-10-12,7,41,10,2019,50,94,121,4,7,2,47,183,12,24,27,7,18,29,0,0,45,5,0,0,0,0,0,0,2,0,0,0,0,48,5,0,730
2020-01-12,1,2,1,2020,39,71,115,3,6,1,31,144,15,24,21,0,11,20,0,2,37,1,0,0,0,0,1,0,1,0,0,0,0,30,1,0,574
2020-01-24,6,4,1,2020,49,62,100,4,13,1,49,172,22,23,19,8,20,22,0,0,49,1,2,0,1,2,0,0,0,0,0,0,0,34,4,0,657
2020-02-04,3,6,2,2020,44,61,112,6,10,3,54,136,13,22,20,4,17,24,1,1,54,1,1,0,0,0,0,0,2,0,0,0,0,60,2,0,648
2020-06-04,5,23,6,2020,31,77,111,1,3,3,37,70,5,18,29,5,35,19,2,0,57,3,0,1,0,0,3,0,1,0,0,0,0,15,2,0,528
2020-02-10,2,7,2,2020,54,55,113,4,13,4,50,132,19,27,23,2,15,24,0,0,44,0,1,0,0,0,0,0,1,0,1,0,0,43,3,0,628
2019-10-24,5,43,10,2019,47,83,107,7,12,5,41,203,13,21,21,1,16,25,0,0,55,0,7,0,0,0,0,0,0,0,0,0,0,50,1,0,715
2020-11-04,4,45,11,2020,113,68,121,1,4,3,25,113,15,31,32,2,33,22,0,0,47,3,0,1,2,0,1,0,1,0,0,0,0,14,3,0,655
2019-01-31,5,5,1,2019,33,46,82,3,5,2,46,101,11,11,41,0,6,7,0,0,43,1,0,0,1,0,0,0,0,0,0,0,0,15,4,0,458
2019-09-22,1,38,9,2019,37,70,151,3,6,4,37,158,13,27,21,1,14,27,0,0,44,3,2,0,1,0,1,0,1,0,0,0,0,25,11,0,657
2019-02-03,1,5,2,2019,28,57,138,3,4,2,39,119,14,22,24,6,19,14,0,1,60,3,4,0,0,0,0,0,2,0,0,0,0,31,4,0,594
2019-12-05,5,49,12,2019,62,59,131,1,6,4,34,203,14,18,23,0,9,24,0,0,69,1,0,0,0,1,3,0,0,0,0,0,0,35,3,0,700
2019-10-23,4,43,10,2019,51,73,114,3,3,2,52,183,10,29,23,5,12,35,0,1,63,0,0,0,2,0,0,0,0,0,0,0,0,33,5,0,699
2020-06-17,4,25,6,2020,50,73,137,1,2,2,35,122,8,16,17,2,23,25,0,0,57,1,10,0,1,2,1,0,0,0,0,0,0,14,2,0,601
2019-10-06,1,40,10,2019,30,79,127,3,11,4,29,174,16,19,22,4,20,27,0,0,56,1,4,1,0,0,1,0,0,1,0,0,0,34,7,0,670
2020-04-08,4,15,4,2020,32,68,95,1,2,2,32,61,9,17,28,3,17,15,0,0,47,3,0,0,0,0,0,0,0,0,0,0,0,7,4,0,443
2019-07-10,4,28,7,2019,51,74,151,5,8,2,55,216,24,26,29,4,19,35,0,1,75,0,8,0,2,1,0,0,0,0,0,0,0,46,5,0,837
2019-09-24,3,39,9,2019,60,81,129,4,11,8,49,189,19,11,15,6,21,37,0,0,58,5,0,1,0,2,1,0,1,0,0,0,0,45,1,0,754
2021-01-15,6,2,1,2021,93,56,88,0,8,4,34,103,13,30,22,2,14,23,0,0,59,2,0,0,1,1,1,0,0,0,0,0,0,12,3,0,569
2020-05-22,6,21,5,2020,35,71,105,1,7,3,36,85,10,11,28,6,36,20,1,0,42,3,3,0,1,1,2,1,0,0,0,0,0,22,5,0,535
2020-09-14,2,38,9,2020,39,78,118,1,5,2,32,126,10,31,33,1,23,19,1,0,47,5,0,0,0,1,2,0,0,0,0,0,0,10,5,0,589
2020-09-27,1,39,9,2020,36,86,162,1,5,2,29,115,14,23,30,1,29,21,0,0,71,5,0,0,1,0,4,0,1,1,0,0,0,14,4,0,655
2021-02-01,2,5,2,2021,97,42,85,2,6,3,35,69,9,13,18,0,15,14,0,0,59,0,0,0,0,1,0,0,2,0,0,0,0,13,2,0,485
2021-02-25,5,8,2,2021,59,58,96,0,6,0,33,92,11,18,13,1,22,16,0,0,57,1,0,0,0,0,0,0,0,0,0,0,0,13,3,0,499
2021-03-28,1,12,3,2021,23,62,122,0,6,3,36,73,9,11,27,2,29,16,0,0,53,4,0,0,0,0,3,0,0,0,0,0,0,22,3,0,504
2020-03-01,1,9,3,2020,57,103,147,2,16,10,55,133,10,17,24,4,21,15,0,0,46,3,0,0,2,0,1,0,2,0,0,0,0,41,13,0,722
2020-06-08,2,24,6,2020,55,72,109,2,6,5,20,99,8,12,21,3,36,21,1,0,37,3,0,0,1,0,1,1,0,0,0,0,0,10,1,0,524
2021-01-09,7,1,1,2021,31,58,100,1,5,2,38,74,9,20,30,1,27,12,0,2,46,5,0,0,1,0,3,1,1,0,0,0,0,23,2,0,492
2020-10-14,4,42,10,2020,76,81,104,2,1,2,31,151,10,20,38,3,15,21,1,0,61,2,0,0,0,0,1,0,0,0,0,0,0,16,7,0,643
2019-01-01,3,1,1,2019,129,124,216,7,43,18,76,152,16,26,33,5,39,28,2,2,63,0,0,0,0,2,0,0,0,0,0,0,0,36,17,0,1034
2021-03-05,6,9,3,2021,60,58,84,1,5,2,35,100,12,17,28,2,17,21,0,0,33,0,1,0,0,0,0,0,1,0,0,0,0,20,6,0,503
2021-03-14,1,10,3,2021,20,75,99,0,3,2,32,61,9,19,27,1,26,10,0,1,41,4,0,0,0,1,1,0,0,0,0,0,0,8,5,0,445
2020-09-08,3,37,9,2020,47,74,72,1,4,1,40,124,15,24,29,1,18,24,1,0,44,2,0,0,1,1,2,0,1,0,0,0,0,15,3,0,544
2021-01-16,7,2,1,2021,26,70,107,0,5,3,26,72,11,31,27,1,24,18,0,0,46,1,0,0,2,0,1,0,0,0,0,0,0,11,1,0,483
2021-01-17,1,2,1,2021,73,59,105,0,4,1,37,88,4,26,38,1,25,13,0,0,44,3,0,0,1,0,1,0,0,0,0,0,0,7,2,0,532
2020-11-05,5,45,11,2020,104,68,110,0,6,2,36,109,11,26,35,0,35,19,0,0,54,4,0,0,1,1,1,0,0,0,0,0,0,21,1,0,644
2020-05-19,3,21,5,2020,43,50,88,0,2,2,40,102,6,10,28,1,17,17,0,0,45,0,0,0,0,0,1,0,0,0,0,0,0,14,5,0,471
2020-05-20,4,21,5,2020,35,79,97,3,4,1,22,107,10,24,28,1,14,17,1,0,57,1,0,0,1,1,1,0,1,0,0,0,0,27,3,0,535
2020-12-25,6,52,12,2020,18,52,127,0,12,1,25,43,2,13,24,1,10,17,0,0,37,2,4,0,1,0,1,0,1,0,0,0,0,4,3,0,398
2020-06-16,3,25,6,2020,41,79,111,1,3,4,40,114,12,17,25,6,19,19,2,0,44,2,0,1,2,0,0,0,0,0,0,0,0,7,1,0,550
2020-09-21,2,39,9,2020,42,60,108,2,1,5,25,122,10,24,25,5,29,25,0,0,44,4,0,1,1,0,2,0,1,0,0,0,0,18,4,0,558
2020-03-03,3,10,3,2020,64,59,107,4,7,1,39,152,23,7,18,0,20,24,0,0,60,2,0,0,0,0,0,0,1,0,0,0,0,40,5,0,633
2021-02-05,6,5,2,2021,60,48,81,1,5,5,41,75,6,13,33,0,19,11,0,2,35,2,3,0,0,0,0,0,1,0,0,0,0,10,2,0,453
2020-10-04,1,40,10,2020,51,88,120,2,2,2,26,105,6,23,32,2,31,14,0,0,53,2,0,0,0,0,3,0,1,0,0,0,0,14,4,0,581
2020-01-04,7,1,1,2020,32,66,144,7,5,2,34,132,21,34,22,3,13,29,0,1,41,2,0,0,1,0,3,0,1,0,0,0,0,40,4,0,637
2020-07-18,7,29,7,2020,36,84,161,2,3,2,25,120,9,28,40,1,36,21,1,0,56,4,0,0,0,1,3,0,0,0,0,0,0,8,8,0,649
2020-10-05,2,41,10,2020,42,73,88,5,2,3,42,114,8,24,31,3,28,16,0,0,50,4,0,0,1,0,2,0,0,0,0,0,0,26,3,0,565
2020-10-19,2,43,10,2020,72,64,87,3,2,3,32,109,6,27,21,2,10,25,1,0,38,1,0,0,0,0,0,0,1,0,0,0,0,15,5,0,524
2019-01-29,3,5,1,2019,38,35,84,1,7,4,33,128,11,9,29,3,8,14,0,0,50,1,0,0,0,0,0,0,1,0,0,0,0,35,3,0,494
2019-05-05,1,18,5,2019,38,113,188,6,10,0,53,154,13,16,30,4,30,20,0,0,64,4,0,0,0,2,1,0,0,0,0,0,0,26,6,0,778
2020-10-08,5,41,10,2020,57,56,102,2,4,3,29,113,15,22,33,2,18,22,1,1,52,1,0,0,0,2,1,0,0,0,0,0,0,19,1,0,556
2020-08-31,2,36,8,2020,50,98,153,1,7,3,40,136,18,26,25,3,28,19,0,0,65,2,0,0,0,0,2,0,1,0,0,0,0,11,3,0,691
2020-06-14,1,24,6,2020,23,83,134,0,8,4,26,86,6,20,26,3,24,14,0,0,63,2,0,0,1,2,1,0,0,0,0,0,0,6,6,0,538
2021-01-05,3,1,1,2021,87,62,78,4,3,0,31,92,5,22,29,4,26,21,0,0,39,1,0,0,3,0,0,0,1,0,0,0,0,19,1,0,528
2020-07-26,1,30,7,2020,24,81,183,1,3,2,35,106,7,28,35,0,32,21,0,0,62,2,0,0,0,0,0,0,0,0,0,0,0,30,5,0,657
2020-08-04,3,32,8,2020,35,63,103,0,4,3,21,107,16,26,23,3,23,27,3,1,60,1,0,0,0,1,1,0,0,0,0,0,0,18,0,0,539
2020-02-25,3,9,2,2020,43,50,100,0,6,3,36,113,24,18,15,3,7,19,0,0,43,1,0,0,0,0,0,0,0,0,0,0,0,33,2,0,516
2021-03-11,5,10,3,2021,45,46,88,1,4,3,30,87,11,17,21,3,26,6,0,0,41,0,2,0,2,0,2,0,1,0,0,0,0,15,2,0,453
2020-07-06,2,28,7,2020,42,77,131,3,3,5,45,130,5,17,25,2,24,27,0,0,65,5,1,0,0,0,0,1,0,0,0,0,0,22,2,0,632
2020-07-07,3,28,7,2020,44,70,114,1,8,3,33,114,7,17,32,1,14,20,1,0,60,5,0,0,0,0,0,0,0,0,0,0,0,7,0,0,551
2021-01-23,7,3,1,2021,33,54,125,1,6,2,22,94,7,24,24,1,36,21,0,0,51,2,0,0,0,0,4,0,0,0,0,0,0,10,3,0,520
2021-03-10,4,10,3,2021,45,71,108,1,3,2,34,84,8,15,28,0,29,14,0,0,53,4,2,0,1,0,0,0,1,0,0,0,0,21,3,0,527
2019-10-03,5,40,10,2019,68,60,105,5,4,8,54,182,18,27,21,6,14,32,1,1,70,0,0,1,1,0,0,0,0,0,0,0,0,48,1,0,727
2020-02-16,1,7,2,2020,44,59,142,2,5,4,40,122,21,26,28,2,26,15,1,1,40,3,0,0,2,0,1,0,1,0,0,0,0,30,3,0,618
2020-02-26,4,9,2,2020,56,62,107,5,8,6,40,108,16,17,27,2,8,20,0,2,55,2,0,0,1,1,2,0,1,0,0,0,0,49,5,0,600
2020-10-01,5,40,10,2020,85,56,109,0,9,4,41,114,9,19,34,3,21,21,1,0,55,2,2,0,1,0,1,1,0,0,0,0,0,13,3,0,604
2021-02-20,7,7,2,2021,32,58,91,1,3,3,41,76,5,17,23,2,13,8,0,2,45,1,0,0,0,0,1,0,0,0,0,0,0,16,8,0,446
2020-10-29,5,44,10,2020,87,67,99,3,2,4,39,85,13,30,32,2,23,15,1,0,42,4,0,0,1,0,6,0,0,1,0,0,0,20,5,0,581
2020-01-19,1,3,1,2020,22,44,114,5,2,1,37,120,13,11,32,2,17,11,0,0,40,1,0,0,0,0,0,0,0,0,0,0,0,30,1,0,503
2020-08-05,4,32,8,2020,32,64,129,2,3,2,25,114,7,21,29,1,27,21,0,0,53,0,7,0,2,0,1,0,2,0,0,0,0,27,3,0,572
2020-07-01,4,27,7,2020,63,83,140,0,20,14,49,120,8,18,25,5,27,20,1,0,60,2,0,1,0,2,3,3,0,0,0,0,0,8,11,0,683
2020-11-15,1,46,11,2020,45,71,113,1,3,0,27,95,12,17,26,2,22,17,0,0,44,0,0,0,0,0,3,0,0,0,0,0,0,13,3,0,514
2021-03-13,7,10,3,2021,20,73,123,2,3,3,25,80,9,13,18,2,33,11,1,0,39,1,0,0,2,0,0,1,0,0,0,0,0,15,4,0,478
2020-11-26,5,48,11,2020,23,57,83,0,10,3,18,55,7,13,19,0,27,26,0,0,40,1,1,0,1,0,3,0,0,0,0,0,0,3,1,0,391
2021-02-21,1,7,2,2021,36,72,99,1,2,2,26,66,5,18,16,3,23,5,0,0,49,1,3,0,1,0,2,0,0,0,0,0,0,10,2,0,442
2020-02-13,5,7,2,2020,48,64,94,1,5,2,41,121,19,21,21,0,9,17,0,0,42,1,0,0,0,0,0,0,0,0,0,0,0,36,5,0,547
2021-01-31,1,4,1,2021,26,32,84,0,3,3,28,55,6,13,8,2,5,9,0,0,54,2,0,0,0,0,0,0,0,0,1,0,0,1,1,0,333
2020-01-29,4,5,1,2020,48,55,90,7,8,5,48,155,23,20,13,6,11,27,0,0,52,1,1,0,0,0,0,2,0,0,0,0,0,43,2,0,617
2020-09-15,3,38,9,2020,41,72,108,0,10,6,37,133,7,30,29,1,20,23,0,0,62,3,0,0,0,0,4,0,0,0,1,0,0,13,4,0,604
2020-09-09,4,37,9,2020,42,65,88,2,2,3,30,130,5,30,35,2,21,18,1,1,41,0,0,0,1,1,2,0,0,0,0,0,0,15,4,0,539
2021-01-04,2,1,1,2021,99,54,82,1,5,6,34,87,8,13,23,1,30,18,0,0,38,3,0,0,2,0,1,1,0,0,0,0,0,14,4,0,524
2021-01-01,6,53,1,2021,59,93,156,1,13,4,48,65,10,11,21,5,61,19,0,0,38,2,2,0,1,0,0,0,2,0,0,0,0,12,9,0,632
2020-01-27,2,5,1,2020,68,56,132,4,7,4,59,171,14,13,23,3,18,23,0,0,53,1,1,0,0,0,0,0,0,0,0,0,0,43,4,0,697
2020-09-19,7,38,9,2020,20,65,119,0,5,1,43,118,16,31,33,0,39,20,1,0,47,1,3,1,0,0,1,0,3,0,0,0,0,15,5,0,587
2020-09-18,6,38,9,2020,42,77,111,0,11,1,34,110,8,22,33,2,21,25,1,3,47,2,4,0,0,0,0,0,0,0,0,0,0,17,6,0,577
2020-05-24,1,21,5,2020,20,75,146,1,4,2,28,71,15,15,37,1,54,11,1,0,54,3,0,0,0,0,4,0,0,0,0,0,0,22,3,0,567
2019-03-29,6,13,3,2019,50,72,139,1,7,2,40,159,20,15,27,4,13,16,0,0,46,3,3,0,0,1,1,0,2,0,0,0,0,49,4,0,674
2020-03-12,5,11,3,2020,46,60,134,5,6,2,54,117,25,12,21,9,13,16,0,0,60,0,0,0,0,0,0,0,0,0,0,0,0,49,4,0,633
2020-11-11,4,46,11,2020,52,51,84,1,4,3,37,89,8,15,26,2,23,21,0,0,47,2,0,0,1,0,1,0,0,0,0,0,0,16,1,0,484
2020-12-27,1,52,12,2020,48,71,94,0,5,1,29,75,7,21,32,1,23,20,1,0,41,2,0,0,0,0,1,0,1,0,0,0,0,18,2,0,493
2021-02-12,6,6,2,2021,55,53,75,2,4,0,41,92,4,21,23,0,16,9,0,1,39,1,0,0,0,1,1,1,1,0,0,0,0,17,0,1,458
2021-03-06,7,9,3,2021,24,59,127,1,4,2,34,86,12,23,22,2,22,10,0,1,62,1,0,0,3,0,1,1,1,0,0,0,0,11,3,0,512
2020-08-08,7,32,8,2020,20,63,159,0,1,4,41,132,9,31,42,0,53,31,1,3,50,2,0,0,1,0,2,0,0,0,0,0,0,13,4,0,662
2020-11-28,7,48,11,2020,34,60,75,3,7,1,21,96,9,23,32,2,39,14,1,1,39,2,1,0,1,0,5,0,1,0,0,0,0,17,5,0,489
2020-03-02,2,10,3,2020,53,66,103,7,4,2,43,143,14,15,17,4,19,14,2,1,52,3,0,0,0,1,0,0,1,0,0,0,0,32,5,0,601
2020-05-15,6,20,5,2020,43,65,108,1,5,1,29,98,12,18,24,3,30,21,0,0,62,2,0,1,0,0,0,1,0,0,0,0,0,23,1,0,548
2020-02-27,5,9,2,2020,51,43,97,2,2,3,44,127,18,16,20,2,20,21,0,0,51,0,4,0,1,0,0,0,1,0,0,0,0,39,3,0,565
2019-04-14,1,15,4,2019,36,68,124,1,4,1,39,104,13,22,18,3,12,17,0,0,34,1,1,0,0,0,2,0,0,0,0,0,0,31,5,0,536
2020-05-13,4,20,5,2020,47,59,120,1,1,1,19,100,9,16,26,2,31,18,0,0,47,2,1,0,1,0,1,0,0,0,0,0,0,12,4,0,518
2020-01-11,7,2,1,2020,38,45,98,2,3,0,37,125,19,22,28,3,14,24,0,0,51,0,0,0,0,0,2,0,0,0,0,0,0,45,4,0,560
2020-06-09,3,24,6,2020,29,65,100,0,3,2,31,116,15,10,17,3,24,24,1,0,37,2,0,0,0,1,1,0,0,0,0,0,0,13,0,0,494
2020-08-28,6,35,8,2020,44,74,129,2,4,1,31,142,14,23,31,1,39,39,0,1,61,6,0,0,2,0,0,0,0,0,0,0,0,21,1,0,666
2020-03-14,7,11,3,2020,28,60,153,5,3,5,29,124,16,14,38,5,19,18,0,1,52,3,0,0,1,1,0,0,1,0,0,0,0,35,5,0,616
2020-07-29,4,31,7,2020,35,79,123,0,3,1,40,118,9,29,26,2,19,24,1,1,66,2,9,0,0,1,0,1,0,0,0,0,0,23,3,0,615
2020-02-17,2,8,2,2020,39,70,112,8,4,2,44,130,19,19,19,4,16,17,1,2,47,1,0,0,0,0,3,0,0,0,0,0,0,37,4,0,598
2020-10-12,2,42,10,2020,39,88,107,2,3,2,42,107,13,34,25,2,16,16,0,0,47,3,0,0,0,0,2,0,0,0,0,0,0,17,1,0,566
2020-08-03,2,32,8,2020,49,80,111,1,2,4,39,134,6,35,36,2,19,17,0,0,48,0,0,0,0,1,0,1,0,0,0,0,0,15,3,0,603
2020-11-27,6,48,11,2020,47,70,112,0,7,1,28,101,8,24,27,1,51,21,1,0,35,5,0,0,1,0,2,0,1,0,0,0,0,26,5,0,574
2020-06-30,3,27,6,2020,47,69,116,2,1,1,30,124,6,15,28,0,19,18,2,0,73,1,0,0,0,0,1,1,0,0,0,0,0,11,4,0,569
2021-02-26,6,8,2,2021,61,72,90,0,7,2,44,90,6,16,29,0,22,20,1,1,58,1,0,0,1,2,0,1,1,0,0,0,0,11,3,0,539
2020-09-24,5,39,9,2020,34,68,102,2,4,0,35,99,16,32,34,5,32,19,1,0,57,1,2,0,0,0,1,0,0,0,0,0,0,20,4,0,568
2020-09-29,3,40,9,2020,44,68,86,0,2,2,41,93,16,24,27,2,20,14,0,1,45,4,0,0,1,1,2,0,0,0,0,0,0,21,0,0,514
2021-01-03,1,53,1,2021,56,73,106,1,4,2,18,69,13,20,30,3,31,15,0,0,33,2,0,0,0,1,1,0,0,0,0,0,0,24,2,0,504
2019-12-28,7,52,12,2019,53,54,116,5,3,2,43,139,15,27,24,4,22,25,0,0,54,0,0,0,0,1,0,0,2,0,0,0,0,45,4,0,638
2020-01-06,2,2,1,2020,63,66,118,4,7,2,34,169,17,27,16,3,22,31,0,0,55,0,0,0,0,0,2,0,1,0,0,0,0,47,7,0,691
2020-09-11,6,37,9,2020,35,82,125,0,5,0,33,160,13,26,37,0,31,17,1,0,64,0,7,0,1,1,2,0,0,0,0,0,0,16,2,0,658
2021-02-10,4,6,2,2021,47,44,67,1,7,0,32,70,7,15,18,0,18,16,0,0,37,2,0,0,1,0,2,0,0,0,0,0,0,17,3,0,404
2020-06-06,7,23,6,2020,29,68,130,1,3,1,31,92,9,18,26,3,31,18,0,0,52,1,0,0,1,0,4,0,1,0,0,0,0,7,2,0,528
2019-09-13,6,37,9,2019,49,95,179,5,9,5,44,198,20,16,20,7,19,25,2,1,57,4,4,1,2,1,1,0,1,0,0,0,0,47,5,0,817
2019-10-02,4,40,10,2019,57,70,118,3,7,5,41,192,26,15,24,2,22,36,0,0,61,2,0,1,1,0,1,0,3,0,0,0,0,40,1,0,728
2020-03-05,5,10,3,2020,42,59,110,8,9,3,42,139,10,12,20,5,13,15,0,1,48,2,6,1,0,0,0,0,1,0,0,0,0,39,2,0,587
2021-02-06,7,5,2,2021,34,39,109,1,0,4,27,62,11,19,19,1,14,6,0,0,31,1,0,0,0,0,1,0,0,0,0,0,0,14,6,0,399
2020-04-30,5,18,4,2020,42,51,96,0,5,1,22,86,7,20,24,1,14,15,0,0,33,0,0,0,0,1,0,0,0,0,0,0,0,7,0,0,425
2020-04-11,7,15,4,2020,27,80,98,0,7,0,23,88,6,14,16,0,21,14,0,0,43,1,0,0,0,0,0,0,1,0,0,0,0,6,2,0,447
2020-05-09,7,19,5,2020,19,68,94,1,1,0,24,87,11,15,24,1,29,14,0,1,54,1,0,0,1,0,0,0,0,0,0,0,0,15,3,0,463
2021-03-20,7,11,3,2021,36,57,106,2,3,2,24,82,8,14,21,1,31,9,1,0,40,1,0,0,0,1,1,0,1,0,0,0,0,9,3,0,453
2020-05-18,2,21,5,2020,44,55,116,1,3,4,32,89,5,17,24,0,21,22,0,0,43,0,0,0,0,0,2,2,0,0,0,0,0,13,7,0,500
2020-01-15,4,3,1,2020,72,51,107,4,10,4,40,151,19,15,25,6,18,30,0,0,54,2,0,0,0,0,1,1,1,0,0,0,0,38,3,0,652
2020-09-26,7,39,9,2020,29,88,150,1,3,0,27,132,14,16,24,2,25,26,0,1,62,4,0,0,0,0,1,0,2,0,0,0,0,20,1,0,628
2019-09-09,2,37,9,2019,68,71,137,4,5,0,62,184,21,26,16,2,17,37,1,2,61,2,6,1,0,0,2,0,4,0,0,0,0,42,5,0,776
2019-08-12,2,33,8,2019,54,57,133,7,3,1,29,205,17,27,24,1,12,21,0,0,58,1,6,0,1,1,0,0,0,0,0,0,0,45,6,0,709
2019-10-28,2,44,10,2019,44,76,132,4,3,3,38,162,21,28,24,5,13,32,1,0,55,1,0,1,0,0,0,0,1,0,0,0,0,13,1,0,658
2019-06-05,4,23,6,2019,49,78,144,4,7,4,58,198,23,23,26,5,8,28,0,0,78,3,1,1,0,0,1,0,1,0,0,0,0,45,3,0,788
2020-03-27,6,13,3,2020,29,53,92,0,7,1,28,88,8,7,17,3,16,21,0,0,39,1,0,0,0,0,0,0,1,0,0,0,0,9,5,0,425
2019-03-18,2,12,3,2019,45,70,139,3,7,2,42,141,15,15,19,3,8,25,2,0,64,1,0,0,0,3,1,0,0,0,0,0,0,42,4,0,651
2020-03-23,2,13,3,2020,34,60,83,0,3,2,23,84,11,15,14,1,10,12,0,0,31,0,0,0,0,0,1,0,0,0,0,0,0,9,0,0,393
2019-10-29,3,44,10,2019,48,47,107,6,4,1,32,172,16,20,25,6,14,30,0,0,55,0,0,1,0,0,0,0,1,0,0,0,0,45,5,0,635
2019-07-20,7,29,7,2019,49,86,160,8,1,1,44,208,14,25,31,6,32,33,2,4,61,1,10,0,0,1,0,0,1,0,0,0,0,43,5,0,826
2019-04-13,7,15,4,2019,53,109,146,3,3,1,44,169,17,23,24,9,19,21,0,0,55,2,2,0,0,1,3,0,3,0,0,0,0,44,3,0,754
2019-09-27,6,39,9,2019,52,61,123,2,11,2,43,170,24,24,31,4,13,29,1,0,42,0,0,0,0,0,0,0,1,0,0,0,0,31,3,0,667
2020-10-24,7,43,10,2020,34,73,120,2,4,3,29,90,11,24,25,2,32,27,0,0,48,4,0,0,2,0,1,1,0,0,0,0,0,14,5,0,551
2020-06-12,6,24,6,2020,39,83,140,0,7,1,31,114,12,10,30,4,17,23,1,0,53,0,15,0,0,0,2,0,0,0,0,0,0,17,4,0,603
2020-04-16,5,16,4,2020,39,65,84,0,2,1,13,70,10,12,24,1,15,15,0,0,39,3,0,0,0,0,1,1,0,0,0,0,0,8,1,0,404
2019-01-05,7,1,1,2019,58,67,173,1,6,6,45,175,23,29,17,4,24,31,2,2,37,1,7,0,0,1,1,0,0,0,1,0,0,75,6,0,792
2020-08-23,1,34,8,2020,19,97,160,3,4,3,33,118,9,18,32,1,35,24,0,0,52,1,0,0,1,0,2,0,1,0,0,0,0,10,1,0,624
2020-08-18,3,34,8,2020,49,78,130,0,4,2,31,121,13,26,31,1,19,21,0,1,61,3,0,0,0,0,5,0,0,0,0,0,0,16,1,0,613
2020-03-31,3,14,3,2020,22,43,94,0,3,2,18,90,8,14,21,3,5,18,2,0,36,1,0,0,1,0,1,1,0,0,0,0,0,4,2,0,389
2019-10-30,4,44,10,2019,44,58,101,3,6,0,48,148,12,16,28,2,10,17,0,1,49,1,0,0,0,0,1,0,0,0,0,0,0,30,2,0,577
2020-10-10,7,41,10,2020,33,92,157,0,5,1,29,130,10,35,33,0,31,21,1,3,47,3,0,0,0,3,1,0,0,0,0,0,0,30,6,0,671
2020-05-07,5,19,5,2020,29,48,77,0,9,0,23,92,8,13,14,1,23,21,0,0,41,5,0,0,0,0,1,2,0,0,0,0,0,9,2,0,418
2020-02-11,3,7,2,2020,58,50,115,2,6,1,45,139,31,21,22,8,15,20,2,2,45,0,0,0,1,5,2,0,0,0,0,0,0,46,4,0,640
2020-05-29,6,22,5,2020,32,86,121,3,10,0,30,96,8,23,27,7,29,31,1,0,46,5,6,0,0,0,2,0,0,0,0,0,0,15,2,0,580
2020-11-23,2,48,11,2020,57,61,91,1,6,2,26,86,7,42,38,1,17,22,2,0,52,2,1,0,0,0,1,0,0,0,0,0,0,13,5,0,533
2021-03-18,5,11,3,2021,44,48,75,0,5,3,36,67,5,17,22,0,21,15,0,1,42,0,0,0,0,0,2,0,0,0,0,0,0,13,0,0,416
2020-09-12,7,37,9,2020,25,79,97,4,1,1,21,110,12,22,41,3,26,14,1,0,66,7,5,0,0,0,3,0,0,0,0,0,0,19,4,0,561
2020-05-10,1,19,5,2020,22,65,125,1,4,0,34,84,6,9,27,0,19,14,0,0,46,2,0,0,0,0,2,0,1,0,0,0,0,10,2,0,473
2020-08-21,6,34,8,2020,34,66,125,2,3,2,48,155,19,37,34,4,30,19,1,2,51,0,0,0,0,1,0,0,0,0,0,0,0,16,3,0,652
2020-09-16,4,38,9,2020,35,82,112,2,1,1,42,132,18,19,29,3,26,26,1,0,62,1,1,0,0,1,4,0,1,0,0,0,0,15,3,0,617
2019-03-24,1,12,3,2019,34,74,144,3,5,4,43,144,15,22,22,2,17,21,0,0,57,2,0,1,0,1,0,1,0,0,0,0,0,32,4,0,648
2019-05-15,4,20,5,2019,56,76,145,3,11,4,46,189,18,20,32,4,18,28,0,0,71,1,2,0,1,0,2,0,1,0,0,0,0,32,3,0,763
