day,year,mo,da,pickup_date,temp,dewp,slp,visib,wdsp,mxpsd,gust,max,min,prcp,sndp,fog,NUM_TRIPS
4,2009,01,01,2009-01-01,12.2,2.8,1012.6,11.4,18.5,26.0,33.0,21.2,5.0,0.55,5.1,0,327625
5,2009,01,02,2009-01-02,20.0,12.0,1015.5,13.7,7.4,20.0,21.0,39.9,5.0,0.0,3.1,0,376708
6,2009,01,03,2009-01-03,30.0,20.2,1007.1,11.7,10.8,18.1,24.1,35.1,26.6,0.0,2.0,0,432710
7,2009,01,04,2009-01-04,26.1,13.7,1012.4,15.0,11.5,17.1,24.1,35.6,21.2,0.0,2.0,0,367525
1,2009,01,05,2009-01-05,31.2,24.7,1012.2,13.1,3.9,8.9,999.9,41.0,19.4,0.0,1.2,0,370901
2,2009,01,06,2009-01-06,30.4,17.8,1015.4,14.4,5.7,12.0,999.9,35.6,26.6,0.0,1.2,0,427394
3,2009,01,07,2009-01-07,33.4,31.0,1005.1,4.3,5.2,11.1,999.9,46.9,28.4,0.45,999.9,1,371043
4,2009,01,08,2009-01-08,37.9,30.7,989.8,9.7,16.4,27.0,35.0,48.2,32.0,0.65,999.9,1,477502
5,2009,01,09,2009-01-09,25.7,12.4,1006.3,15.0,13.8,20.0,26.0,33.1,21.2,0.0,999.9,0,520846
6,2009,01,10,2009-01-10,21.6,9.6,1021.9,14.5,6.9,20.0,999.9,28.9,15.8,99.99,999.9,0,483350
7,2009,01,11,2009-01-11,28.8,27.3,1009.7,3.7,9.0,21.0,25.1,39.0,21.2,0.49,2.0,0,405075
1,2009,01,12,2009-01-12,26.9,21.9,1017.0,9.6,5.8,12.0,999.9,32.0,19.4,0.07,1.2,0,414642
2,2009,01,13,2009-01-13,23.4,18.4,1022.0,14.0,3.3,8.9,999.9,35.6,10.4,0.02,1.2,0,442543
3,2009,01,14,2009-01-14,28.9,17.8,1010.2,13.0,9.7,22.0,31.1,42.1,17.6,0.19,999.9,0,489177
4,2009,01,15,2009-01-15,15.6,7.2,1021.5,8.6,7.5,14.0,999.9,21.9,14.0,0.0,3.9,1,486450
5,2009,01,16,2009-01-16,8.1,-2.2,1028.8,15.0,4.9,12.0,999.9,17.1,-5.8,0.19,3.1,0,535200
6,2009,01,17,2009-01-17,10.2,-0.1,1032.4,14.8,3.6,8.9,999.9,19.0,1.4,0.0,2.0,0,511023
7,2009,01,18,2009-01-18,27.3,25.4,1019.4,6.0,5.6,16.9,20.0,39.0,12.2,0.34,2.0,0,419962
1,2009,01,19,2009-01-19,31.9,30.1,1004.3,5.1,4.5,7.0,999.9,37.0,28.4,0.3,1.2,0,352534
2,2009,01,20,2009-01-20,29.8,26.4,1002.5,7.4,4.1,13.0,999.9,33.1,26.6,0.08,2.0,0,433639
3,2009,01,21,2009-01-21,23.4,15.4,1006.8,9.9,8.4,15.0,18.1,32.0,17.6,0.02,2.0,0,478268
4,2009,01,22,2009-01-22,25.1,14.5,1011.9,14.2,10.1,17.1,21.0,33.8,19.4,0.0,1.2,0,498241
5,2009,01,23,2009-01-23,30.1,23.4,1015.6,14.2,5.1,12.0,999.9,41.0,14.0,0.0,1.2,0,519394
6,2009,01,24,2009-01-24,36.9,26.0,1008.8,10.6,11.8,15.9,25.1,44.6,23.0,0.0,999.9,0,547591
7,2009,01,25,2009-01-25,15.1,3.7,1024.0,15.0,8.7,15.0,19.0,26.1,5.0,0.0,999.9,0,460723
1,2009,01,26,2009-01-26,19.3,5.8,1027.9,15.0,3.4,9.9,999.9,28.4,8.6,0.0,999.9,0,434081
2,2009,01,27,2009-01-27,20.8,9.4,1029.6,15.0,3.2,8.9,999.9,30.2,12.2,0.0,999.9,0,471788
3,2009,01,28,2009-01-28,29.8,26.7,1024.9,7.3,7.3,25.1,34.0,57.2,15.8,0.21,1.2,1,455187
4,2009,01,29,2009-01-29,36.4,28.5,1006.8,10.4,13.8,28.9,40.0,57.2,26.6,1.06,999.9,0,503352
5,2009,01,30,2009-01-30,26.7,20.4,1012.2,14.6,4.7,12.0,15.9,35.6,15.8,0.0,999.9,0,538365
6,2009,01,31,2009-01-31,25.7,15.7,1008.7,11.4,10.1,17.1,22.9,32.0,21.2,0.0,999.9,0,539574
7,2009,02,01,2009-02-01,30.4,19.0,1013.3,15.0,9.8,21.0,29.9,48.2,17.6,0.0,999.9,0,429758
1,2009,02,02,2009-02-02,38.1,32.4,1013.7,11.0,3.6,11.1,999.9,53.6,23.0,0.0,999.9,1,403372
2,2009,02,03,2009-02-03,34.2,29.8,1009.4,6.1,15.4,25.1,36.9,39.2,24.8,0.03,3.1,1,452356
3,2009,02,04,2009-02-04,22.2,17.6,1011.0,8.9,6.3,17.1,999.9,28.9,12.2,0.28,3.9,0,356567
4,2009,02,05,2009-02-05,8.3,1.0,1018.9,15.0,10.2,19.0,21.0,17.1,3.2,0.0,3.1,0,535477
5,2009,02,06,2009-02-06,12.8,3.9,1027.0,15.0,6.7,21.0,999.9,26.1,5.0,0.0,2.0,0,546688
6,2009,02,07,2009-02-07,22.8,16.2,1027.0,13.8,6.7,17.1,24.1,44.6,1.4,0.0,1.2,0,513313
7,2009,02,08,2009-02-08,46.2,36.3,1011.3,11.4,15.4,22.0,28.9,57.2,39.9,0.0,999.9,0,425839
1,2009,02,09,2009-02-09,33.6,18.2,1023.4,15.0,7.6,13.0,15.9,39.2,26.6,0.0,999.9,0,406198
2,2009,02,10,2009-02-10,29.2,21.1,1027.3,14.6,3.5,9.9,999.9,39.2,21.2,0.0,999.9,0,445672
3,2009,02,11,2009-02-11,45.7,41.0,1013.4,6.3,5.1,8.9,999.9,60.8,37.4,0.0,999.9,0,463213
4,2009,02,12,2009-02-12,49.0,43.7,992.8,6.2,14.7,23.9,35.0,53.6,42.1,0.18,999.9,1,510174
5,2009,02,13,2009-02-13,39.1,22.8,1000.3,14.3,16.7,22.9,29.9,46.4,30.2,0.0,999.9,0,549188
6,2009,02,14,2009-02-14,31.4,12.5,1008.9,14.8,12.5,18.1,22.0,44.6,23.0,0.0,999.9,0,539684
7,2009,02,15,2009-02-15,31.0,15.6,1011.6,15.0,6.0,13.0,999.9,41.0,21.2,0.0,999.9,0,451649
1,2009,02,16,2009-02-16,28.3,20.9,1018.0,15.0,5.7,11.1,14.0,39.2,21.2,0.0,999.9,0,391436
2,2009,02,17,2009-02-17,29.8,23.2,1020.6,13.5,9.0,14.0,999.9,35.6,23.0,0.0,999.9,0,450460
3,2009,02,18,2009-02-18,25.6,20.1,1018.9,13.3,4.8,12.0,999.9,39.2,10.4,0.02,999.9,0,487630
4,2009,02,19,2009-02-19,41.3,39.4,996.2,3.5,8.6,21.0,26.0,50.0,32.0,0.35,999.9,1,507718
5,2009,02,20,2009-02-20,27.4,14.8,999.3,11.7,16.8,22.9,31.1,41.0,21.2,0.0,999.9,0,561972
6,2009,02,21,2009-02-21,30.1,16.7,1015.5,15.0,13.1,22.0,24.1,39.2,24.8,0.0,999.9,0,522269
7,2009,02,22,2009-02-22,34.9,31.6,1019.5,10.2,5.8,15.0,17.1,42.8,24.8,0.23,999.9,0,445271
1,2009,02,23,2009-02-23,32.6,21.1,1007.2,12.6,18.4,28.0,34.0,41.0,26.6,0.13,999.9,0,455091
2,2009,02,24,2009-02-24,26.1,11.1,1018.2,15.0,10.3,17.1,20.0,37.4,17.6,0.0,999.9,0,487119
3,2009,02,25,2009-02-25,27.1,15.1,1028.7,15.0,2.4,9.9,999.9,37.4,14.0,0.0,999.9,0,487081
4,2009,02,26,2009-02-26,33.7,26.8,1028.6,14.5,5.8,15.0,999.9,48.2,19.4,0.0,999.9,0,500984
5,2009,02,27,2009-02-27,46.0,39.9,1022.7,15.0,9.6,19.0,28.0,60.8,35.1,99.99,999.9,0,526500
6,2009,02,28,2009-02-28,46.9,40.3,1016.7,10.3,13.2,21.0,27.0,55.4,33.8,0.37,999.9,1,527443
7,2009,03,01,2009-03-01,32.1,27.1,1020.6,7.8,13.3,22.0,28.0,35.1,28.4,0.04,1.2,0,431713
1,2009,03,02,2009-03-02,29.1,27.2,1009.0,2.4,18.4,28.9,38.1,35.1,24.8,0.46,3.1,0,327874
2,2009,03,03,2009-03-03,19.2,11.2,1015.8,10.0,8.0,21.0,999.9,28.0,12.2,0.16,3.1,0,472839
3,2009,03,04,2009-03-04,18.9,2.5,1024.3,15.0,8.6,15.9,21.0,30.2,6.8,0.0,3.1,0,488197
4,2009,03,05,2009-03-05,25.6,12.7,1028.9,15.0,7.1,14.0,999.9,35.6,15.8,0.0,2.0,0,427688
5,2009,03,06,2009-03-06,41.3,33.7,1022.4,12.3,12.4,22.9,33.0,51.8,30.2,0.0,2.0,0,527054
6,2009,03,07,2009-03-07,51.1,39.2,1015.5,9.6,9.5,15.0,999.9,68.0,39.2,0.0,999.9,0,491087
7,2009,03,08,2009-03-08,52.7,42.6,1010.2,11.5,8.8,20.0,28.0,64.4,41.0,0.0,999.9,0,409911
1,2009,03,09,2009-03-09,39.6,37.9,1013.7,6.6,7.9,22.0,25.1,46.4,33.8,0.39,999.9,0,406846
2,2009,03,10,2009-03-10,36.5,30.7,1026.5,12.9,6.5,15.0,999.9,46.4,24.8,0.29,999.9,0,475324
3,2009,03,11,2009-03-11,43.8,40.7,1023.3,8.6,11.0,25.1,32.1,53.6,37.4,0.0,999.9,1,484218
4,2009,03,12,2009-03-12,38.8,20.9,1022.9,11.3,9.3,15.9,24.1,46.4,30.2,0.0,999.9,1,529308
5,2009,03,13,2009-03-13,29.0,13.4,1032.3,15.0,6.2,15.0,999.9,35.6,23.0,0.0,999.9,0,552598
6,2009,03,14,2009-03-14,32.8,23.8,1026.0,15.0,4.5,8.9,999.9,46.4,19.4,0.0,999.9,0,515382
7,2009,03,15,2009-03-15,42.0,32.5,1022.1,11.5,5.0,8.0,999.9,55.4,32.0,0.0,999.9,0,418081
1,2009,03,16,2009-03-16,36.7,30.4,1026.2,9.9,7.0,13.0,999.9,44.6,26.6,0.0,999.9,0,376433
2,2009,03,17,2009-03-17,36.6,27.1,1026.4,15.0,4.7,8.9,999.9,50.0,24.8,0.0,999.9,0,461084
3,2009,03,18,2009-03-18,40.7,29.5,1022.9,15.0,9.0,21.0,26.0,55.4,26.6,0.0,999.9,0,450035
4,2009,03,19,2009-03-19,44.5,39.5,1016.7,11.2,8.7,15.0,21.0,50.0,39.2,0.13,999.9,0,496540
5,2009,03,20,2009-03-20,36.0,27.5,1022.6,13.3,11.4,20.0,21.0,39.2,26.6,0.0,999.9,0,520598
6,2009,03,21,2009-03-21,30.6,19.0,1030.9,15.0,5.4,15.9,999.9,42.8,19.4,0.0,999.9,0,501495
7,2009,03,22,2009-03-22,37.8,28.3,1025.7,14.8,7.7,16.9,18.1,48.2,27.0,0.0,999.9,0,418165
1,2009,03,23,2009-03-23,29.3,12.3,1023.2,14.1,10.0,18.1,21.0,36.0,23.0,0.0,999.9,0,419795
2,2009,03,24,2009-03-24,29.7,16.5,1024.7,15.0,14.8,26.0,35.9,41.0,17.6,0.0,999.9,0,454554
3,2009,03,25,2009-03-25,39.5,23.1,1026.9,15.0,10.9,22.0,22.9,44.6,33.8,0.0,999.9,0,470114
4,2009,03,26,2009-03-26,37.5,22.8,1021.1,14.4,4.2,11.1,999.9,55.4,23.0,0.0,999.9,0,515311
5,2009,03,27,2009-03-27,43.5,38.9,1013.0,8.4,7.7,15.0,22.0,48.2,39.2,0.35,999.9,1,514616
6,2009,03,28,2009-03-28,43.4,41.1,1017.3,5.5,5.0,12.0,999.9,51.8,37.4,0.0,999.9,1,513575
7,2009,03,29,2009-03-29,48.3,48.2,1006.8,1.3,5.9,14.0,999.9,57.2,42.8,0.04,999.9,1,428889
1,2009,03,30,2009-03-30,44.1,41.9,996.1,4.4,10.8,21.0,28.0,50.0,41.0,1.04,999.9,1,427313
2,2009,03,31,2009-03-31,44.3,33.6,1015.2,14.4,10.4,16.9,21.0,50.0,35.6,0.1,999.9,0,460734
3,2009,04,01,2009-04-01,36.2,31.5,1024.6,10.7,4.1,9.9,999.9,42.8,24.8,0.0,999.9,0,387363
4,2009,04,02,2009-04-02,50.2,48.4,1017.9,4.5,4.2,8.9,999.9,57.2,41.0,0.05,999.9,0,496103
5,2009,04,03,2009-04-03,52.9,52.5,1007.1,1.0,9.3,22.0,28.9,60.8,43.0,0.08,999.9,1,539873
6,2009,04,04,2009-04-04,51.1,43.2,992.1,10.0,14.1,21.0,27.0,59.0,44.1,0.66,999.9,1,534600
7,2009,04,05,2009-04-05,50.8,33.5,1000.9,15.0,12.1,17.1,22.9,64.4,41.0,0.0,999.9,0,441196
1,2009,04,06,2009-04-06,47.5,40.7,1003.8,10.2,7.8,18.1,24.1,57.2,33.8,1.86,999.9,0,446038
2,2009,04,07,2009-04-07,48.9,43.3,990.2,7.3,13.0,21.0,29.9,57.2,42.8,0.04,999.9,1,490453
3,2009,04,08,2009-04-08,43.1,28.8,1001.0,15.0,12.7,22.9,29.9,48.2,37.4,0.0,999.9,0,486193
4,2009,04,09,2009-04-09,46.9,32.5,1009.0,14.1,9.1,19.0,25.1,60.8,28.4,0.0,999.9,0,476452
5,2009,04,10,2009-04-10,50.5,33.7,1015.9,14.8,5.3,15.9,999.9,68.0,33.8,0.0,999.9,0,475873
6,2009,04,11,2009-04-11,44.9,43.2,1010.5,3.8,11.8,22.0,28.9,51.8,39.2,0.15,999.9,1,487794
7,2009,04,12,2009-04-12,40.2,26.3,1012.0,13.9,11.6,26.0,29.9,46.4,33.8,0.64,999.9,0,406220
1,2009,04,13,2009-04-13,41.3,18.7,1015.5,15.0,12.1,19.0,22.9,57.2,30.2,0.0,999.9,0,415069
2,2009,04,14,2009-04-14,46.5,26.8,1017.4,15.0,2.9,9.9,999.9,59.0,39.2,0.0,999.9,0,482164
3,2009,04,15,2009-04-15,46.1,32.0,1017.2,14.6,10.5,21.0,25.1,53.6,41.0,0.0,999.9,0,493538
4,2009,04,16,2009-04-16,43.7,30.2,1023.5,15.0,8.8,15.0,18.1,51.8,35.6,0.0,999.9,0,520593
5,2009,04,17,2009-04-17,47.5,29.8,1021.7,15.0,7.0,18.1,25.1,66.2,30.2,0.0,999.9,0,528685
6,2009,04,18,2009-04-18,56.6,36.1,1013.2,14.2,5.2,16.9,999.9,71.6,45.0,0.0,999.9,0,521590
7,2009,04,19,2009-04-19,49.0,42.1,1016.8,12.2,9.0,19.0,28.0,51.8,44.1,0.02,999.9,0,438845
1,2009,04,20,2009-04-20,44.1,35.2,1023.3,11.9,8.7,18.1,24.1,55.4,28.4,0.0,999.9,1,478774
2,2009,04,21,2009-04-21,54.7,52.0,1013.1,3.1,13.8,22.0,29.9,60.8,45.0,2.14,999.9,1,467425
3,2009,04,22,2009-04-22,55.9,53.2,1005.0,4.7,7.9,16.9,22.9,62.6,50.0,0.21,999.9,1,499859
4,2009,04,23,2009-04-23,51.0,42.9,1006.1,9.2,13.0,21.0,29.9,59.0,44.1,0.4,999.9,0,519185
5,2009,04,24,2009-04-24,54.6,37.6,1020.8,15.0,8.9,15.0,999.9,68.0,42.8,0.0,999.9,0,526612
6,2009,04,25,2009-04-25,59.9,49.9,1022.9,12.5,9.4,15.0,21.0,75.2,45.0,0.0,999.9,1,513397
7,2009,04,26,2009-04-26,71.7,57.0,1020.2,12.9,6.3,12.0,999.9,93.2,52.0,99.99,999.9,0,445439
1,2009,04,27,2009-04-27,59.4,47.0,1027.7,13.2,6.5,13.0,999.9,69.8,51.8,0.0,999.9,0,295156
2,2009,04,28,2009-04-28,60.6,47.6,1021.0,9.3,12.8,22.0,32.1,75.2,48.9,0.0,999.9,0,470611
3,2009,04,29,2009-04-29,50.5,32.5,1028.2,12.6,10.6,17.1,24.1,60.8,44.6,0.01,999.9,0,492792
4,2009,04,30,2009-04-30,45.0,26.8,1030.9,15.0,5.2,11.1,999.9,60.8,32.0,0.0,999.9,0,516891
5,2009,05,01,2009-05-01,52.1,48.0,1017.5,6.2,13.0,21.0,27.0,55.4,46.4,0.01,999.9,1,536561
6,2009,05,02,2009-05-02,52.7,48.3,1010.2,6.1,8.3,15.0,22.0,59.0,48.2,0.11,999.9,1,510175
7,2009,05,03,2009-05-03,48.2,41.3,1015.6,12.9,4.6,11.1,999.9,57.2,41.0,0.04,999.9,0,460670
1,2009,05,04,2009-05-04,49.9,46.8,1018.1,7.6,2.9,8.9,999.9,59.0,44.6,0.15,999.9,0,462212
2,2009,05,05,2009-05-05,50.4,48.9,1019.9,4.3,8.0,15.9,21.0,51.8,46.4,0.23,999.9,0,517761
3,2009,05,06,2009-05-06,50.4,46.9,1018.3,7.1,5.5,9.9,999.9,60.8,46.4,1.19,999.9,0,517448
4,2009,05,07,2009-05-07,57.6,56.0,1012.3,3.6,10.7,22.0,28.0,66.2,46.9,0.36,999.9,1,523584
5,2009,05,08,2009-05-08,61.9,53.5,1008.8,8.6,7.0,13.0,999.9,75.2,48.9,0.28,999.9,1,526916
6,2009,05,09,2009-05-09,58.9,56.5,1007.4,4.3,6.7,13.0,999.9,64.4,50.0,0.0,999.9,1,501340
7,2009,05,10,2009-05-10,63.1,47.6,1002.5,11.2,14.3,22.9,28.9,71.6,53.1,0.02,999.9,0,422874
1,2009,05,11,2009-05-11,53.6,36.3,1015.5,15.0,7.4,14.0,20.0,60.8,44.6,0.0,999.9,0,435149
2,2009,05,12,2009-05-12,53.4,44.1,1019.2,12.0,3.0,6.0,999.9,62.6,44.6,0.05,999.9,0,472472
3,2009,05,13,2009-05-13,52.9,40.8,1028.6,13.9,4.1,12.0,14.0,64.4,35.6,99.99,999.9,0,502828
4,2009,05,14,2009-05-14,57.3,48.3,1029.6,14.4,10.1,18.1,27.0,62.6,48.9,0.0,999.9,0,532276
5,2009,05,15,2009-05-15,60.8,56.5,1024.9,6.7,11.1,15.9,22.9,69.8,53.1,0.21,999.9,1,534863
6,2009,05,16,2009-05-16,60.6,55.2,1021.2,9.2,5.5,11.1,999.9,71.6,50.0,0.1,999.9,1,526549
7,2009,05,17,2009-05-17,62.6,58.6,1013.5,5.4,9.6,19.0,28.9,68.0,55.0,0.01,999.9,1,456758
1,2009,05,18,2009-05-18,49.6,39.6,1021.4,10.5,7.6,13.0,19.0,57.2,46.4,0.02,999.9,0,467644
2,2009,05,19,2009-05-19,49.9,38.2,1028.0,15.0,3.8,13.0,999.9,62.6,39.2,0.03,999.9,0,493114
3,2009,05,20,2009-05-20,61.4,45.7,1027.3,15.0,8.1,12.0,999.9,78.8,48.9,0.0,999.9,0,504060
4,2009,05,21,2009-05-21,66.2,45.7,1024.0,15.0,13.0,21.0,28.0,78.8,52.0,0.0,999.9,0,517297
5,2009,05,22,2009-05-22,66.3,52.7,1019.3,14.8,12.3,16.9,19.0,78.8,54.0,0.0,999.9,0,495935
6,2009,05,23,2009-05-23,60.6,50.8,1021.6,11.3,6.8,14.0,999.9,64.4,53.6,0.01,999.9,0,403710
7,2009,05,24,2009-05-24,60.8,57.2,1016.8,5.7,7.3,14.0,999.9,73.4,51.1,0.0,999.9,1,349228
1,2009,05,25,2009-05-25,66.9,53.2,1014.1,8.0,5.4,8.9,999.9,75.2,55.9,0.0,999.9,1,264652
2,2009,05,26,2009-05-26,54.4,37.0,1024.1,15.0,9.4,17.1,24.1,62.6,48.9,0.0,999.9,0,444461
3,2009,05,27,2009-05-27,52.0,46.3,1020.6,9.1,5.3,12.0,999.9,55.4,48.2,0.08,999.9,1,479870
4,2009,05,28,2009-05-28,52.5,49.9,1014.0,6.1,8.9,13.0,999.9,57.2,50.0,0.0,999.9,1,519001
5,2009,05,29,2009-05-29,57.2,56.5,1008.1,3.0,4.5,8.9,999.9,66.2,51.1,0.16,999.9,1,523947
6,2009,05,30,2009-05-30,66.4,60.1,1003.8,7.1,6.3,14.0,19.0,80.6,59.0,0.0,999.9,1,483608
7,2009,05,31,2009-05-31,64.7,54.7,1006.8,13.1,7.5,18.1,26.0,77.0,50.0,99.99,999.9,1,409350
1,2009,06,01,2009-06-01,55.7,37.5,1015.8,13.4,10.1,19.0,25.1,62.6,42.8,0.0,999.9,0,363700
2,2009,06,02,2009-06-02,62.1,54.7,1014.7,14.4,8.5,13.0,999.9,73.4,55.0,0.01,999.9,1,471230
3,2009,06,03,2009-06-03,61.6,53.9,1014.7,10.3,4.3,15.0,999.9,66.2,55.0,0.01,999.9,0,505927
4,2009,06,04,2009-06-04,59.9,56.0,1015.3,9.3,4.8,7.0,999.9,66.2,53.1,0.38,999.9,0,521528
5,2009,06,05,2009-06-05,58.0,55.5,1015.0,6.3,5.2,9.9,999.9,62.6,52.0,0.05,999.9,0,551777
6,2009,06,06,2009-06-06,58.2,55.4,1011.8,6.2,9.0,15.9,999.9,69.8,53.1,0.59,999.9,0,461816
7,2009,06,07,2009-06-07,67.6,55.2,1014.2,9.2,8.4,14.0,999.9,80.6,53.1,0.0,999.9,1,419990
1,2009,06,08,2009-06-08,64.2,52.5,1015.3,12.9,4.9,9.9,999.9,69.8,59.0,0.02,999.9,0,384249
2,2009,06,09,2009-06-09,57.5,51.5,1015.6,10.0,5.4,12.0,14.0,62.6,53.1,0.0,999.9,0,481738
3,2009,06,10,2009-06-10,59.7,56.7,1014.5,6.5,5.8,8.9,999.9,64.4,54.0,0.27,999.9,1,509970
4,2009,06,11,2009-06-11,59.2,56.3,1014.6,10.7,6.4,9.9,999.9,64.4,55.0,0.0,999.9,0,527386
5,2009,06,12,2009-06-12,66.6,65.3,1008.0,3.2,6.7,14.0,999.9,71.6,57.0,0.24,999.9,1,530227
6,2009,06,13,2009-06-13,67.1,61.0,1011.6,10.3,4.6,12.0,999.9,75.2,57.0,0.02,999.9,1,485592
7,2009,06,14,2009-06-14,62.4,57.9,1014.6,12.0,5.6,8.9,999.9,69.8,54.0,0.04,999.9,0,398991
1,2009,06,15,2009-06-15,59.1,54.2,1017.6,12.2,5.8,9.9,999.9,66.2,53.6,0.01,999.9,0,435323
2,2009,06,16,2009-06-16,57.2,52.2,1022.4,8.9,7.8,15.0,17.1,62.6,53.6,0.0,999.9,0,476872
3,2009,06,17,2009-06-17,58.7,47.7,1024.4,13.9,3.3,8.0,999.9,71.6,41.0,0.0,999.9,0,506129
4,2009,06,18,2009-06-18,62.3,53.3,1019.6,14.8,5.3,14.0,19.0,71.6,50.0,0.01,999.9,0,534044
5,2009,06,19,2009-06-19,68.2,65.3,1009.9,5.9,9.3,15.9,19.0,73.4,60.1,0.39,999.9,0,520706
6,2009,06,20,2009-06-20,68.4,63.8,1004.3,10.7,3.6,8.9,999.9,77.0,60.8,0.15,999.9,1,490010
7,2009,06,21,2009-06-21,62.2,60.6,999.2,4.7,10.6,18.1,26.0,66.2,57.9,0.0,999.9,1,403789
1,2009,06,22,2009-06-22,59.2,58.5,999.5,1.8,17.7,27.0,32.1,60.8,57.0,0.27,999.9,0,417818
2,2009,06,23,2009-06-23,60.1,59.1,1003.2,2.1,17.4,26.0,29.9,62.6,57.0,0.6,999.9,0,471939
3,2009,06,24,2009-06-24,61.1,58.8,1006.9,5.1,5.6,13.0,19.0,68.0,55.4,0.21,999.9,1,497137
4,2009,06,25,2009-06-25,65.5,62.0,1008.6,7.6,3.4,8.0,999.9,73.4,59.0,0.0,999.9,1,516361
5,2009,06,26,2009-06-26,68.8,65.0,1006.0,8.6,7.5,13.0,999.9,80.6,59.0,0.03,999.9,0,522070
6,2009,06,27,2009-06-27,71.6,66.0,1005.0,10.3,5.3,9.9,999.9,82.4,60.1,0.19,999.9,0,472617
7,2009,06,28,2009-06-28,65.9,63.3,1003.5,5.0,6.5,11.1,999.9,73.4,61.0,0.0,999.9,1,413174
1,2009,06,29,2009-06-29,66.6,63.6,998.0,4.4,5.8,14.0,999.9,75.2,60.1,0.19,999.9,0,431104
2,2009,06,30,2009-06-30,67.4,63.5,1001.9,5.4,3.3,7.0,999.9,75.2,59.0,0.09,999.9,1,461035
3,2009,07,01,2009-07-01,66.9,63.7,1007.7,7.1,5.6,11.1,19.0,75.2,59.0,0.0,999.9,1,397418
4,2009,07,02,2009-07-02,67.6,66.1,1009.3,4.5,5.7,14.0,18.1,73.4,62.1,0.83,999.9,1,459217
5,2009,07,03,2009-07-03,71.8,67.6,1008.9,4.4,6.0,13.0,999.9,82.4,62.1,1.17,999.9,1,361917
6,2009,07,04,2009-07-04,71.7,64.6,1007.3,9.6,8.7,15.9,19.0,80.6,61.0,0.0,999.9,1,302128
7,2009,07,05,2009-07-05,69.2,55.7,1008.4,15.0,9.6,16.9,22.0,77.0,60.8,0.0,999.9,0,295276
1,2009,07,06,2009-07-06,70.0,59.4,1008.0,14.8,3.8,9.9,999.9,78.8,59.0,0.0,999.9,0,359351
2,2009,07,07,2009-07-07,66.0,61.9,1008.6,7.1,5.2,12.0,18.1,73.4,57.9,0.39,999.9,1,418571
3,2009,07,08,2009-07-08,64.3,60.6,1010.5,8.6,7.0,11.1,999.9,71.6,59.0,1.36,999.9,0,450549
4,2009,07,09,2009-07-09,61.8,55.1,1020.3,11.5,9.4,14.0,19.0,66.2,57.2,0.0,999.9,0,487036
5,2009,07,10,2009-07-10,61.0,51.0,1025.3,14.8,3.6,8.0,999.9,73.4,46.4,0.0,999.9,0,481219
6,2009,07,11,2009-07-11,63.0,51.9,1022.4,14.1,4.9,11.1,999.9,71.6,48.0,0.0,999.9,0,442918
7,2009,07,12,2009-07-12,67.8,63.3,1012.9,8.7,7.9,12.0,17.1,75.2,62.6,1.23,999.9,0,378248
1,2009,07,13,2009-07-13,67.0,52.9,1010.9,13.6,7.9,17.1,21.0,75.2,57.2,0.0,999.9,0,397304
2,2009,07,14,2009-07-14,68.1,53.4,1014.4,15.0,6.2,15.9,999.9,77.0,57.2,0.0,999.9,0,452898
3,2009,07,15,2009-07-15,68.4,54.0,1017.2,15.0,7.9,18.1,22.9,77.0,55.4,0.0,999.9,0,485261
4,2009,07,16,2009-07-16,71.0,64.0,1012.8,13.8,10.6,20.0,28.0,78.8,64.0,0.0,999.9,0,499082
5,2009,07,17,2009-07-17,75.5,66.9,1009.5,7.3,6.9,13.0,999.9,84.2,68.0,0.0,999.9,1,516428
6,2009,07,18,2009-07-18,74.7,71.2,1007.8,4.4,8.4,14.0,18.1,80.6,70.0,0.78,999.9,1,438883
7,2009,07,19,2009-07-19,71.5,62.3,1014.9,12.6,6.8,15.9,20.0,78.8,64.4,0.0,999.9,1,391429
1,2009,07,20,2009-07-20,70.2,61.8,1021.4,13.8,3.4,7.0,999.9,78.8,62.6,0.0,999.9,0,410911
2,2009,07,21,2009-07-21,68.6,65.7,1021.5,5.3,6.3,12.0,999.9,71.6,64.4,0.23,999.9,1,477807
3,2009,07,22,2009-07-22,72.7,68.2,1020.1,9.4,6.4,11.1,999.9,77.0,68.0,0.21,999.9,1,486132
4,2009,07,23,2009-07-23,67.2,63.9,1018.9,8.8,4.1,8.9,999.9,75.2,60.8,0.0,999.9,1,502592
5,2009,07,24,2009-07-24,66.0,62.4,1008.2,6.4,10.3,21.0,28.9,68.0,62.1,1.45,999.9,0,489946
6,2009,07,25,2009-07-25,70.4,63.0,1013.6,12.7,6.6,13.0,999.9,80.6,62.6,0.0,999.9,0,449643
7,2009,07,26,2009-07-26,72.9,70.0,1014.5,3.5,8.3,14.0,19.0,80.6,66.2,0.0,999.9,1,410245
1,2009,07,27,2009-07-27,74.8,69.6,1014.0,6.5,11.2,19.0,24.1,78.8,69.8,0.0,999.9,1,421588
2,2009,07,28,2009-07-28,73.5,68.1,1014.1,6.4,7.3,13.0,999.9,82.4,68.0,0.0,999.9,1,469610
3,2009,07,29,2009-07-29,74.5,71.3,1012.9,4.7,8.9,12.0,999.9,80.6,66.9,99.99,999.9,1,489150
4,2009,07,30,2009-07-30,76.2,71.7,1009.2,6.5,12.5,17.1,22.0,82.4,69.1,0.1,999.9,1,505321
5,2009,07,31,2009-07-31,74.1,69.9,1012.2,6.3,7.9,17.1,22.9,80.6,66.2,0.0,999.9,0,498025
6,2009,08,01,2009-08-01,72.5,65.8,1015.4,9.7,3.6,7.0,999.9,80.6,64.4,0.98,999.9,0,438823
7,2009,08,02,2009-08-02,71.1,67.1,1015.8,8.2,5.7,8.9,15.9,77.0,64.9,0.0,999.9,1,394197
1,2009,08,03,2009-08-03,74.8,67.8,1013.5,10.5,5.5,11.1,999.9,82.4,68.0,0.04,999.9,0,417427
2,2009,08,04,2009-08-04,73.7,67.9,1014.9,5.3,5.9,12.0,15.0,80.6,68.0,0.0,999.9,1,465754
3,2009,08,05,2009-08-05,74.3,69.9,1011.8,5.5,10.0,15.9,21.0,80.6,68.0,99.99,999.9,1,487787
4,2009,08,06,2009-08-06,70.8,63.9,1012.7,11.3,4.8,8.9,999.9,73.4,66.2,99.99,999.9,0,492732
5,2009,08,07,2009-08-07,70.0,57.0,1013.3,14.6,5.5,9.9,999.9,80.6,59.0,0.0,999.9,0,485827
6,2009,08,08,2009-08-08,64.9,50.3,1021.2,15.0,4.2,8.9,999.9,73.4,53.6,0.0,999.9,0,418264
7,2009,08,09,2009-08-09,65.4,53.8,1020.8,15.0,4.8,11.1,999.9,73.4,53.6,0.0,999.9,0,365236
1,2009,08,10,2009-08-10,75.0,68.3,1011.1,8.4,7.7,13.0,999.9,84.2,68.0,0.0,999.9,1,417641
2,2009,08,11,2009-08-11,76.5,70.1,1008.3,9.3,3.8,11.1,999.9,86.0,68.0,0.0,999.9,0,457720
3,2009,08,12,2009-08-12,68.2,64.6,1014.1,7.5,6.6,8.9,999.9,73.4,66.2,99.99,999.9,0,465546
4,2009,08,13,2009-08-13,66.5,64.8,1018.1,6.8,7.9,12.0,999.9,68.0,64.4,0.12,999.9,0,492965
5,2009,08,14,2009-08-14,68.2,60.4,1020.7,9.8,4.0,11.1,999.9,80.6,59.0,0.27,999.9,0,492042
6,2009,08,15,2009-08-15,72.5,66.3,1020.9,9.6,5.4,11.1,999.9,82.4,63.0,0.0,999.9,0,443105
7,2009,08,16,2009-08-16,75.3,69.0,1020.8,8.7,6.5,8.9,999.9,86.0,68.0,0.0,999.9,0,401117
1,2009,08,17,2009-08-17,74.2,68.7,1020.7,9.1,7.5,12.0,999.9,82.4,66.2,0.0,999.9,0,419795
2,2009,08,18,2009-08-18,76.5,69.0,1017.2,6.3,7.5,15.0,999.9,86.0,68.0,0.0,999.9,0,464610
3,2009,08,19,2009-08-19,76.8,70.1,1013.4,8.4,8.9,14.0,20.0,86.0,70.0,0.0,999.9,0,471242
4,2009,08,20,2009-08-20,76.8,71.0,1014.3,6.6,4.5,9.9,999.9,86.0,69.8,99.99,999.9,1,498510
5,2009,08,21,2009-08-21,79.8,75.3,1014.1,6.5,9.3,15.0,20.0,87.8,70.0,0.0,999.9,1,486161
6,2009,08,22,2009-08-22,79.2,74.5,1012.7,9.5,9.0,15.0,18.1,84.2,71.1,0.31,999.9,1,420738
7,2009,08,23,2009-08-23,75.4,71.1,1007.9,6.3,7.7,16.9,999.9,84.2,69.8,0.69,999.9,0,374497
1,2009,08,24,2009-08-24,75.4,70.8,1014.2,7.5,4.5,7.0,999.9,80.6,71.6,0.0,999.9,0,382999
2,2009,08,25,2009-08-25,71.6,67.3,1018.3,6.6,4.2,8.0,999.9,80.6,64.4,99.99,999.9,1,426678
3,2009,08,26,2009-08-26,75.3,68.3,1014.0,8.5,9.8,17.1,26.0,82.4,64.9,0.0,999.9,1,462314
4,2009,08,27,2009-08-27,68.8,56.4,1016.4,13.1,4.8,9.9,999.9,77.0,57.2,0.0,999.9,0,466090
5,2009,08,28,2009-08-28,63.8,56.8,1020.8,14.0,3.0,8.0,999.9,73.4,53.6,0.0,999.9,0,491592
6,2009,08,29,2009-08-29,66.0,63.1,1012.8,5.1,8.6,15.0,19.0,71.6,59.0,0.63,999.9,0,424371
7,2009,08,30,2009-08-30,60.4,59.3,1010.5,3.4,4.1,15.0,19.0,69.8,53.6,2.85,999.9,0,381672
1,2009,08,31,2009-08-31,64.2,57.5,1016.3,11.1,4.5,8.9,999.9,68.0,59.0,0.0,999.9,0,379068
2,2009,09,01,2009-09-01,59.7,49.1,1022.9,15.0,4.5,11.1,14.0,69.8,50.0,0.0,999.9,0,415946
3,2009,09,02,2009-09-02,58.8,47.6,1025.2,15.0,3.3,8.0,999.9,71.6,46.4,0.0,999.9,0,439318
4,2009,09,03,2009-09-03,58.9,49.3,1021.9,15.0,1.6,5.1,999.9,69.8,48.2,0.0,999.9,0,457529
5,2009,09,04,2009-09-04,59.8,51.8,1016.4,12.6,4.4,14.0,999.9,73.4,46.4,0.0,999.9,1,448732
6,2009,09,05,2009-09-05,65.3,57.5,1018.2,15.0,2.5,8.0,999.9,77.0,53.6,0.0,999.9,0,393872
7,2009,09,06,2009-09-06,61.9,52.3,1025.9,14.2,9.0,15.0,999.9,66.2,53.6,0.0,999.9,0,347952
1,2009,09,07,2009-09-07,55.9,47.8,1025.9,15.0,3.2,6.0,999.9,68.0,44.6,0.0,999.9,0,314305
2,2009,09,08,2009-09-08,61.8,54.7,1019.1,14.6,2.1,6.0,999.9,73.4,53.6,0.0,999.9,0,431868
3,2009,09,09,2009-09-09,61.6,56.6,1019.3,10.0,7.2,14.0,999.9,66.2,57.2,0.0,999.9,0,488771
4,2009,09,10,2009-09-10,57.4,48.8,1028.8,12.9,8.8,16.9,18.1,63.0,51.8,0.0,999.9,0,530388
5,2009,09,11,2009-09-11,61.0,56.3,1026.9,11.9,8.5,15.0,19.0,69.8,55.4,0.86,999.9,0,549753
6,2009,09,12,2009-09-12,66.0,64.3,1016.2,4.0,6.1,19.0,999.9,71.6,62.6,1.79,999.9,0,519468
7,2009,09,13,2009-09-13,65.1,62.7,1010.0,5.7,6.0,9.9,999.9,75.2,60.8,3.23,999.9,1,459030
1,2009,09,14,2009-09-14,63.4,55.5,1010.7,14.3,6.0,11.1,999.9,73.4,51.8,0.14,999.9,0,463118
2,2009,09,15,2009-09-15,65.7,57.7,1011.6,13.8,5.1,8.9,999.9,73.4,59.0,0.0,999.9,0,500932
3,2009,09,16,2009-09-16,60.4,53.9,1021.3,15.0,7.3,14.0,999.9,66.2,53.6,0.0,999.9,0,521234
4,2009,09,17,2009-09-17,55.8,47.8,1024.4,13.3,8.8,14.0,999.9,62.6,50.0,0.02,999.9,0,535162
5,2009,09,18,2009-09-18,57.2,51.0,1015.4,14.8,9.4,20.0,24.1,68.0,44.6,0.0,999.9,0,532709
6,2009,09,19,2009-09-19,57.3,42.5,1018.9,15.0,6.3,12.0,19.0,64.4,46.4,0.0,999.9,0,492744
7,2009,09,20,2009-09-20,52.3,41.2,1025.8,15.0,4.1,12.0,999.9,68.0,39.2,0.0,999.9,0,413176
1,2009,09,21,2009-09-21,58.5,49.7,1025.8,15.0,3.6,9.9,999.9,71.6,44.6,0.0,999.9,0,432885
2,2009,09,22,2009-09-22,59.5,54.0,1025.6,12.1,5.0,12.0,18.1,73.4,44.6,0.0,999.9,1,453612
3,2009,09,23,2009-09-23,67.8,63.1,1021.2,14.8,8.2,15.9,22.9,75.2,62.6,0.0,999.9,0,470106
4,2009,09,24,2009-09-24,69.9,64.7,1014.5,9.5,8.6,17.1,22.0,77.0,62.6,0.0,999.9,0,494359
5,2009,09,25,2009-09-25,55.8,46.8,1019.6,15.0,10.3,22.9,31.1,61.0,50.0,0.0,999.9,0,534164
6,2009,09,26,2009-09-26,50.5,39.0,1026.3,15.0,5.0,9.9,999.9,59.0,39.2,0.0,999.9,0,535047
7,2009,09,27,2009-09-27,58.3,54.2,1011.4,9.2,8.8,15.9,21.0,64.4,44.6,0.01,999.9,0,452024
1,2009,09,28,2009-09-28,65.2,59.6,999.5,10.5,10.8,15.9,25.1,69.8,60.8,1.44,999.9,0,393072
2,2009,09,29,2009-09-29,61.2,51.4,1000.0,12.6,10.6,19.0,26.0,68.0,53.6,0.14,999.9,0,459106
3,2009,09,30,2009-09-30,56.8,46.7,1005.1,15.0,7.5,14.0,22.0,62.6,50.0,0.0,999.9,0,504505
4,2009,10,01,2009-10-01,48.9,39.2,1011.2,11.0,7.3,12.0,21.0,57.2,39.2,0.0,999.9,0,523009
5,2009,10,02,2009-10-02,51.4,42.6,9999.9,10.0,5.6,11.1,15.0,59.0,41.0,99.99,999.9,0,547031
6,2009,10,03,2009-10-03,59.0,55.5,9999.9,7.2,9.3,19.0,22.9,66.2,50.0,99.99,999.9,0,522853
7,2009,10,04,2009-10-04,62.6,60.4,9999.9,5.9,4.6,8.9,999.9,68.0,55.4,0.0,999.9,1,436158
1,2009,10,05,2009-10-05,59.8,53.4,9999.9,6.2,7.2,15.9,22.0,66.2,53.6,0.0,999.9,1,439893
2,2009,10,06,2009-10-06,56.6,45.6,9999.9,10.0,9.9,15.0,18.1,64.4,50.0,0.0,999.9,0,476496
3,2009,10,07,2009-10-07,59.7,52.5,9999.9,8.0,12.7,27.0,34.0,71.6,50.0,99.99,999.9,0,502680
4,2009,10,08,2009-10-08,56.1,41.8,9999.9,10.0,13.0,21.0,29.9,62.6,48.2,0.0,999.9,0,526548
5,2009,10,09,2009-10-09,52.5,48.4,9999.9,10.0,4.0,12.0,18.1,62.6,41.0,99.99,999.9,0,545705
6,2009,10,10,2009-10-10,63.1,58.0,9999.9,8.0,8.9,17.1,22.9,66.2,51.8,99.99,999.9,0,541761
7,2009,10,11,2009-10-11,48.1,38.7,9999.9,10.0,7.0,18.1,25.1,60.8,32.0,0.0,999.9,0,463646
1,2009,10,12,2009-10-12,46.0,31.8,9999.9,10.0,6.5,12.0,19.0,53.6,37.4,0.0,999.9,0,412750
2,2009,10,13,2009-10-13,48.9,43.0,9999.9,10.0,6.1,15.9,22.9,59.0,41.0,99.99,999.9,0,481219
3,2009,10,14,2009-10-14,42.9,31.8,9999.9,10.0,7.3,15.0,25.1,50.0,33.8,0.0,999.9,0,510052
4,2009,10,15,2009-10-15,38.8,34.2,9999.9,8.8,4.8,12.0,17.1,46.4,30.2,99.99,999.9,0,533333
5,2009,10,16,2009-10-16,42.6,39.0,9999.9,5.9,15.5,22.9,36.9,46.4,41.0,99.99,999.9,0,550645
6,2009,10,17,2009-10-17,46.4,39.3,9999.9,9.1,11.5,18.1,26.0,50.0,44.6,99.99,999.9,0,541136
7,2009,10,18,2009-10-18,47.3,43.7,9999.9,5.5,16.7,28.0,41.0,50.0,44.6,99.99,999.9,0,472394
1,2009,10,19,2009-10-19,42.7,38.8,9999.9,7.4,10.0,19.0,33.0,48.9,35.6,99.99,999.9,0,452765
2,2009,10,20,2009-10-20,42.4,36.2,9999.9,8.6,4.7,15.0,21.0,59.0,28.4,99.99,999.9,1,473346
3,2009,10,21,2009-10-21,52.9,44.3,9999.9,10.0,5.3,8.9,999.9,64.4,42.8,0.0,999.9,0,503957
4,2009,10,22,2009-10-22,57.0,50.6,9999.9,9.4,7.7,19.0,27.0,68.0,50.0,0.0,999.9,1,527704
5,2009,10,23,2009-10-23,49.5,41.4,9999.9,10.0,12.0,18.1,26.0,60.8,44.6,0.0,999.9,0,560164
6,2009,10,24,2009-10-24,54.7,50.5,9999.9,8.4,13.5,20.0,27.0,66.2,44.6,99.99,999.9,0,541727
7,2009,10,25,2009-10-25,59.9,53.1,9999.9,8.1,11.6,27.0,36.9,66.2,48.2,99.99,999.9,0,447544
1,2009,10,26,2009-10-26,47.0,38.2,9999.9,10.0,5.2,8.9,14.0,55.4,37.4,0.0,999.9,0,448371
2,2009,10,27,2009-10-27,44.8,42.3,9999.9,9.8,4.8,17.1,22.0,55.4,33.8,99.99,999.9,0,489586
3,2009,10,28,2009-10-28,52.6,51.5,9999.9,5.1,10.0,28.0,38.1,55.4,50.0,99.99,999.9,0,512175
4,2009,10,29,2009-10-29,48.4,42.1,9999.9,8.5,14.1,24.1,35.0,50.0,39.2,99.99,999.9,0,523549
5,2009,10,30,2009-10-30,44.0,38.5,9999.9,10.0,3.0,9.9,17.1,53.6,33.8,0.0,999.9,0,553500
6,2009,10,31,2009-10-31,55.3,50.8,9999.9,10.0,10.2,22.9,33.0,69.8,37.4,0.0,999.9,0,542854
7,2009,11,01,2009-11-01,55.9,50.1,9999.9,8.8,9.9,25.1,35.0,66.2,46.4,99.99,999.9,0,482402
1,2009,11,02,2009-11-02,47.2,41.1,9999.9,9.6,9.3,15.9,21.0,51.8,41.0,99.99,999.9,0,453816
2,2009,11,03,2009-11-03,49.6,43.5,9999.9,10.0,7.7,12.0,18.1,55.4,46.4,0.0,999.9,0,473233
3,2009,11,04,2009-11-04,45.1,31.2,9999.9,10.0,7.2,14.0,18.1,50.0,37.4,0.0,999.9,0,503664
4,2009,11,05,2009-11-05,42.7,34.9,9999.9,10.0,3.2,7.0,999.9,50.0,37.4,99.99,999.9,0,541229
5,2009,11,06,2009-11-06,40.4,33.0,9999.9,10.0,7.5,17.1,26.0,46.4,37.4,99.99,999.9,0,545020
6,2009,11,07,2009-11-07,37.3,27.5,9999.9,10.0,6.8,15.0,20.0,46.4,26.6,0.0,999.9,0,540723
7,2009,11,08,2009-11-08,51.3,44.6,9999.9,10.0,9.3,17.1,22.9,60.8,42.8,0.0,999.9,0,447257
1,2009,11,09,2009-11-09,45.9,38.8,9999.9,8.8,5.1,15.9,21.0,66.2,32.0,0.0,999.9,1,437656
2,2009,11,10,2009-11-10,57.3,49.6,9999.9,9.5,9.0,14.0,22.0,64.4,51.8,0.0,999.9,0,476906
3,2009,11,11,2009-11-11,49.6,41.0,9999.9,10.0,12.0,20.0,27.0,51.8,46.4,0.0,999.9,0,485349
4,2009,11,12,2009-11-12,47.2,38.1,9999.9,10.0,15.7,22.9,29.9,50.0,46.4,0.0,999.9,0,533748
5,2009,11,13,2009-11-13,49.9,46.1,9999.9,8.9,17.8,24.1,34.0,51.8,46.4,99.99,999.9,0,552893
6,2009,11,14,2009-11-14,57.4,54.8,9999.9,5.6,15.7,19.0,34.0,62.6,51.8,99.99,999.9,0,541479
7,2009,11,15,2009-11-15,59.2,58.8,9999.9,1.6,6.7,15.9,20.0,62.6,53.6,99.99,999.9,1,440872
1,2009,11,16,2009-11-16,53.9,47.6,9999.9,5.7,5.8,15.9,20.0,59.0,46.4,99.99,999.9,1,441757
2,2009,11,17,2009-11-17,42.9,30.6,9999.9,10.0,6.2,12.0,17.1,48.2,35.6,0.0,999.9,0,476922
3,2009,11,18,2009-11-18,42.2,35.2,9999.9,10.0,2.9,7.0,999.9,50.0,32.0,0.0,999.9,0,504612
4,2009,11,19,2009-11-19,41.9,37.5,9999.9,10.0,3.1,9.9,999.9,59.0,30.2,0.0,999.9,0,531206
5,2009,11,20,2009-11-20,56.9,53.7,9999.9,8.5,12.1,22.9,28.9,60.8,48.2,99.99,999.9,0,553471
6,2009,11,21,2009-11-21,47.7,38.8,9999.9,10.0,7.2,12.0,999.9,53.6,41.0,0.0,999.9,0,538366
7,2009,11,22,2009-11-22,44.7,39.0,9999.9,9.4,8.2,17.1,22.9,51.8,37.4,0.0,999.9,0,451511
1,2009,11,23,2009-11-23,47.4,41.1,9999.9,9.4,11.9,20.0,26.0,50.0,44.6,99.99,999.9,0,445075
2,2009,11,24,2009-11-24,48.4,47.8,9999.9,3.0,14.1,18.1,29.9,50.0,46.4,99.99,999.9,0,474969
3,2009,11,25,2009-11-25,48.9,47.7,9999.9,1.9,10.3,17.1,25.1,50.0,48.2,99.99,999.9,1,470537
4,2009,11,26,2009-11-26,48.0,47.1,9999.9,5.3,3.4,9.9,999.9,50.0,46.4,0.0,999.9,1,309751
5,2009,11,27,2009-11-27,45.9,45.1,9999.9,5.1,12.3,17.1,28.0,46.4,44.6,99.99,999.9,0,354945
6,2009,11,28,2009-11-28,44.3,35.4,9999.9,9.3,19.0,26.0,35.9,51.1,41.0,99.99,999.9,0,423285
7,2009,11,29,2009-11-29,44.0,33.7,9999.9,10.0,12.6,18.1,27.0,50.0,39.2,0.0,999.9,0,392146
1,2009,11,30,2009-11-30,51.5,46.6,9999.9,9.2,11.1,20.0,28.0,57.2,42.8,99.99,999.9,0,450539
2,2009,12,01,2009-12-01,38.3,28.1,9999.9,9.9,7.9,14.0,19.0,44.6,30.2,99.99,999.9,0,486874
3,2009,12,02,2009-12-02,41.0,33.6,9999.9,10.0,6.2,14.0,18.1,53.6,28.4,0.0,999.9,0,504100
4,2009,12,03,2009-12-03,55.2,51.2,9999.9,6.8,16.9,29.9,44.1,62.6,46.4,99.99,999.9,0,533216
5,2009,12,04,2009-12-04,46.9,37.6,9999.9,10.0,6.4,12.0,999.9,54.0,33.8,0.0,999.9,0,561295
6,2009,12,05,2009-12-05,41.5,38.6,9999.9,8.2,5.1,19.0,26.0,48.2,35.6,99.99,999.9,0,576771
7,2009,12,06,2009-12-06,34.3,29.3,9999.9,7.1,12.6,22.0,41.0,41.0,28.4,99.99,999.9,0,454212
1,2009,12,07,2009-12-07,32.0,25.3,9999.9,10.0,3.5,8.9,999.9,41.0,24.8,0.0,999.9,0,468013
2,2009,12,08,2009-12-08,34.0,25.8,9999.9,10.0,6.2,15.0,999.9,39.2,26.6,0.0,999.9,0,504885
3,2009,12,09,2009-12-09,36.9,34.2,9999.9,6.2,10.0,28.9,40.0,57.2,24.8,99.99,999.9,0,518683
4,2009,12,10,2009-12-10,45.3,34.0,9999.9,9.5,16.1,28.9,41.0,57.2,35.6,99.99,999.9,0,557444
5,2009,12,11,2009-12-11,28.2,8.0,9999.9,10.0,20.0,25.1,34.0,35.6,23.0,0.0,999.9,0,596882
6,2009,12,12,2009-12-12,26.0,6.3,9999.9,10.0,15.5,27.0,34.0,32.0,23.0,0.0,999.9,0,563707
7,2009,12,13,2009-12-13,31.4,22.6,9999.9,9.1,6.0,17.1,24.1,48.2,15.8,99.99,999.9,0,485447
1,2009,12,14,2009-12-14,41.6,37.6,9999.9,8.4,9.6,22.0,26.0,53.6,33.8,99.99,999.9,0,467920
2,2009,12,15,2009-12-15,42.9,40.1,9999.9,9.8,4.8,12.0,999.9,50.0,37.4,0.0,999.9,0,508401
3,2009,12,16,2009-12-16,35.2,18.9,9999.9,10.0,10.8,19.0,33.0,44.6,28.4,0.0,999.9,0,546710
4,2009,12,17,2009-12-17,23.8,4.3,9999.9,10.0,12.6,20.0,28.9,28.4,17.6,0.0,999.9,0,566530
5,2009,12,18,2009-12-18,16.0,-3.6,9999.9,10.0,8.2,18.1,25.1,28.4,6.8,0.0,999.9,0,581923
6,2009,12,19,2009-12-19,23.8,9.0,9999.9,10.0,8.0,19.0,26.0,33.8,15.8,0.0,999.9,0,488811
7,2009,12,20,2009-12-20,27.9,24.2,9999.9,2.9,19.0,34.0,45.1,35.6,21.2,99.99,999.9,1,312230
1,2009,12,21,2009-12-21,24.1,10.6,9999.9,8.6,12.5,18.1,29.9,32.0,19.4,99.99,999.9,0,425440
2,2009,12,22,2009-12-22,23.3,5.6,9999.9,10.0,10.7,15.9,24.1,28.4,17.6,0.0,999.9,0,455090
3,2009,12,23,2009-12-23,19.5,5.8,9999.9,10.0,9.7,15.9,20.0,24.8,12.2,0.0,999.9,0,456094
4,2009,12,24,2009-12-24,24.9,18.5,9999.9,7.4,8.9,12.0,21.0,37.4,12.2,99.99,999.9,0,382635
5,2009,12,25,2009-12-25,34.5,31.4,9999.9,10.0,4.6,11.1,14.0,37.4,32.0,0.0,999.9,0,233221
6,2009,12,26,2009-12-26,36.2,32.9,9999.9,10.0,9.2,18.1,25.1,41.0,32.0,0.0,999.9,0,320616
7,2009,12,27,2009-12-27,45.8,43.9,9999.9,6.1,17.4,25.1,34.0,50.0,41.0,99.99,999.9,1,312947
1,2009,12,28,2009-12-28,35.2,32.3,9999.9,9.5,6.6,20.0,28.0,41.0,26.6,99.99,999.9,0,375455
2,2009,12,29,2009-12-29,26.3,10.9,9999.9,10.0,17.5,28.0,45.1,32.0,14.0,99.99,999.9,0,447016
3,2009,12,30,2009-12-30,17.2,-2.6,9999.9,10.0,12.2,22.9,33.0,30.2,10.4,0.0,999.9,0,429635
4,2009,12,31,2009-12-31,27.1,20.8,9999.9,7.7,1.6,8.0,999.9,37.9,17.6,99.99,999.9,0,461201
